CODIGO,DESCRIPCIÓN,PRECIO UNITARIO B/.,EXISTENCIA ALMACÉN CDPA ENERO 2024,EXISTENCIA ALMACÉN CDDI ENERO 2024,EXISTENCIA ALMACÉN CDCH                        ENERO 2024,TOTAL DE EXISTENCIAS  DISPONIBLES ENERO 2024,MONTO DE EXISTENCIAS EN B/.,PRECIO_UNITARIO,DESCRIPCIÓN_LIMPIA
101000801,"GLIBENCLAMIDA, 5MG, TABLETA, V.O",0.03,"16,059,000","3,278,000","280,000","19,617,000","588,510.00",0.03,GLIBENCLAMIDA
101001101,"PARACETAMOL (ACETAMINOFÉN), 500MG, TABLETA, V.O.",0.03,"28,424,000","2,988,000","4,294,000","35,706,000","1,071,180.00",0.03,PARACETAMOL
101001801,"FINASTERIDA, 5 MG, TABLETA, V.O.",0.05,"382,260","161,820","1,040,100","1,584,180","74,456.46",0.05,FINASTERIDA
101002001,"HIDRALAZINA CLORHIDRATO 50mg, tableta, V.O. ",0.12,0,0,0,0,0.00,0.12,HIDRALAZINA CLORHIDRATO 50mg
101002101,"BLOQUEADORES DE LOS RECEPTORES ALFA 1 ADRENÉRGICOS: TERAZOSINA, 2MG O DOXAZOSINA, 2MG, CÁPSULA O TABLETA, V.O.",0.04,0,0,"5,460","5,460",218.40,0.04,BLOQUEADORES DE LOS RECEPTORES ALFA 1 ADRENÉRGICOS: TERAZOSINA
101002301,"HIDROXICINA, 25MG, CÁPSULA O TABLETA, V.O.",0.10,"639,640","364,900","1,358,620","2,363,160","233,952.84",0.1,HIDROXICINA
101002401,"ALFACALCIDOL, 1MCG, CÁPSULA, V.O.",0.65,0,0,0,0,0.00,0.65,ALFACALCIDOL
101002601,"ESCOPOLAMINA BUTILBROMURO (HIOSCINA), 10MG, TABLETA, V.O.",0.05,"2,432,900","28,500","31,500","2,492,900","117,166.30",0.05,ESCOPOLAMINA BUTILBROMURO
101003101,"DIFENHIDRAMINA, 25MG, CÁPSULA, V.O.",0.07,0,0,0,0,0.00,0.07,DIFENHIDRAMINA
101003801,"SIMVASTATINA, 10MG, CÁPSULA O TABLETA, V.O.",0.02,"979,916","25,174,576","17,225,572","43,380,064","824,221.22",0.02,SIMVASTATINA
101003901,"FORMOTEROL FUMARATO (EFORMOTEROL), 9-12MCG/INHALACIÓN, POLVO SECO, INHALADOR CON APLICADOR CON 30-60 DOSIS,  VÍA BUCAL.",5.37,"45,531","2,574",0,"48,105","258,323.85",5.37,FORMOTEROL FUMARATO
101004401,"ZIDOVUDINA 100mg, cápsula, V.O.",0.66,0,0,0,0,0.00,0.66,ZIDOVUDINA 100mg
101004501,"CALCIO CARBONATO, 500 MG-1,000MG DE CALCIO ELEMENTAL, TABLETA, V.O.",0.03,"1,936,900","879,400","1,016,700","3,833,000","95,825.00",0.03,CALCIO CARBONATO
101005101,"MODULADOR HEMORREOLÓGICO TIPO PENTOXIFILINA, 400MG, TABLETA DE LIBERACIÓN MODIFICADA, V.O.",0.12,0,0,0,0,0.00,0.12,MODULADOR HEMORREOLÓGICO TIPO PENTOXIFILINA
101007801,"ACETAZOLAMIDA, 250MG, TABLETA, V.O",0.13,0,0,0,0,0.00,0.13,ACETAZOLAMIDA
101008501,"DIGOXINA 0.25mg, tableta, V.O.",0.27,0,0,0,0,0.00,0.27,DIGOXINA 0.25mg
101008601,"FENITOÍNA SÓDICA 100mg, cápsula o tableta, de liberación modificada, V.O.  (X100) ",0.07,"847,900","998,800","573,100","2,419,800","174,225.60",0.07,FENITOÍNA SÓDICA 100mg
101008801,"CLORFENIRAMINA  MALEATO,  4MG, TABLETA, V.O.",0.05,0,0,0,0,0.00,0.05,CLORFENIRAMINA  MALEATO
101009501,"DIMENHIDRINATO, 50MG, TABLETA, V.O.",0.01,"2,275,400","871,400",0,"3,146,800","44,055.20",0.01,DIMENHIDRINATO
101010101,"CIPROFLOXACINA, 500MG, CÁPSULA O TABLETA, V.O.",0.06,"1,645,200","306,000","188,000","2,139,200","124,073.60",0.06,CIPROFLOXACINA
101010601,"ISOSORBIDE DINITRATO, 5MG, TABLETA, VÍA SUBLINGUAL",0.39,"17,200","13,300","2,100","32,600","12,714.00",0.39,ISOSORBIDE DINITRATO
101010701,"ERITROMICINA (BASE, ESTEARATO O ETILSUCCIONATO), 500MG, TABLETA, V.O.",0.60,0,0,0,0,0.00,0.6,ERITROMICINA
101010801,"ISOSORBIDE DINITRATO, 10MG, TABLETA, V.O.",0.03,"3,100","66,400","219,000","288,500","8,943.50",0.03,ISOSORBIDE DINITRATO
101011401,"ESTRÓGENOS CONJUGADOS NATURALES DE ORIGEN EQUINO, 0.625-1MG, TABLETA, V.O.",0.10,0,0,0,0,0.00,0.1,ESTRÓGENOS CONJUGADOS NATURALES DE ORIGEN EQUINO
101012201,"FENOBARBITAL 32mg, tableta, V.O.      (En proceso de exclusión)",0.30,0,"4,000",0,"4,000","1,200.00",0.3,FENOBARBITAL 32mg
101012301,"FENOBARBITAL 64mg, tableta, V.O.",0.54,"748,000","774,000","121,000","1,643,000","887,220.00",0.54,FENOBARBITAL 64mg
101012901,"METRONIDAZOL, 500MG, TABLETA RANURADA, V.O.",0.08,"193,290","128,340","1,049,280","1,370,910","105,560.07",0.08,METRONIDAZOL
101013101,"FÓLICO ÁCIDO, 5MG, TABLETA, V.O.",0.02,"2,497,820","1,350,240","1,578,800","5,426,860","124,817.78",0.02,FÓLICO ÁCIDO
101013701,"NITROFURANTOINA 100MG CÁPSULA O TABLETA, V.O.",0.10,"651,000","285,000","261,000","1,197,000","119,700.00",0.1,NITROFURANTOINA 100MG CÁPSULA O TABLETA
101015901,"AZATIOPRINA, 50MG, TABLETA, V.O.",0.59,"21,400","55,300","126,800","203,500","120,065.00",0.59,AZATIOPRINA
101016301,"ATENOLOL, 100MG, TABLETA RANURADA, V.O.",0.05,0,0,0,0,0.00,0.05,ATENOLOL
101018301,"PIRIDOSTIGMINA BROMURO, 60MG, TABLETA, V.O.",0.36,"19,960","15,960","51,440","87,360","31,449.60",0.36,PIRIDOSTIGMINA BROMURO
101018401,"METILDOPA, 250MG, TABLETA, V.O.",0.28,"309,870","153,960","27,240","491,070","137,499.60",0.28,METILDOPA
101018501,"MELFALANO 2mg, tableta, V.O.",0.78,0,0,0,0,0.00,0.78,MELFALANO 2mg
101022301,"METOTREXATE, 2.5MG, TABLETA, V.O.",0.15,0,0,0,0,0.00,0.15,METOTREXATE
101023201,"HIDROXICLOROQUINA SULFATO, 400MG, TABLETA, V.O.",0.23,"940,170","52,440","32,970","1,025,580","235,883.40",0.23,HIDROXICLOROQUINA SULFATO
101024201,"PREDNISONA O PREDNISOLONA, 5MG, TABLETA, V.O.",0.03,"3,106,600","1,426,000","1,348,200","5,880,800","147,020.00",0.03,PREDNISONA O PREDNISOLONA
101024501,"TAMOXIFENO CITRATO,  20MG,  TABLETA, V.O.",0.17,0,"7,260",0,"7,260","1,234.20",0.17,TAMOXIFENO CITRATO
101027201,"METILFENIDATO, 10MG, TABLETA, V.O.",0.11,"181,620","46,740","8,730","237,090","26,079.90",0.11,METILFENIDATO
101027701,"CARBAMAZEPINA 200mg, tableta, V.O. ",0.05,"3,447,700","427,200","523,000","4,397,900","197,905.50",0.05,CARBAMAZEPINA 200mg
101028501,"LEVOMEPROMAZINA, 25MG, TABLETA, V.O.",0.51,"54,000","61,000","3,000","118,000","60,180.00",0.51,LEVOMEPROMAZINA
101030201,"TIAMAZOL (METIMAZOL)  5MG.TABLETA, V.O.",0.25,0,0,0,0,0.00,0.25,TIAMAZOL5MG.TABLETA
101030701,"HIDROCLOROTIAZIDA 25MG CON TRIAMTERENO 50MG, TABLETA RANURADA, V.O.",0.13,0,0,0,0,0.00,0.13,HIDROCLOROTIAZIDA 25MG CON TRIAMTERENO 50MG
101031601,IMIPRAMINA 10 MG CAPSULA O TABLETA V.O.,0.09,0,0,0,0,0.00,0.09,IMIPRAMINA 10 MG CAPSULA O TABLETA V.O.
101032001,"FLUOXETINA 20mg, cápsula o tableta, V.O. ",0.08,"1,400","243,880","796,096","1,041,376","83,310.08",0.08,FLUOXETINA 20mg
101032901,"AMITRIPTILINA, 25MG, CÁPSULA O TABLETA, V.O.",0.03,"253,890","8,400","678,930","941,220","28,236.60",0.03,AMITRIPTILINA
101034201,"TIAMINA (VITAMINA B1) 100MG, TABLETA,V.O. ",0.01,"278,000","244,000","32,000","554,000","7,479.00",0.01,TIAMINA100MG
101034801,"ASCÓRBICO ÁCIDO (VITAMINA C), 500MG, TABLETA RECUBIERTO (PELÍCULA), MASTICABLE O EFERVESCENTE, V.O.",0.05,"8,681,200","1,716,400","822,400","11,220,000","504,900.00",0.05,ASCÓRBICO ÁCIDO
101034901,"LITIO CARBONATO 300mg, cápsula o tableta, V.O. ",0.07,0,0,0,0,0.00,0.07,LITIO CARBONATO 300mg
101035701,"BIPERIDENO CLORHIDRATO, 2MG, TABLETA, V.O.",0.04,"1,680,900","317,700","250,100","2,248,700","80,953.20",0.04,BIPERIDENO CLORHIDRATO
101036301,"HIERRO (SAL FERROSA), 50-100MG DE HIERRO ELEMENTAL, TABLETA,  V.O.",0.25,"658,000","553,000","883,500","2,094,500","523,625.00",0.25,HIERRO
101037701,"ESPIRONOLACTONA, 25MG, TABLETA, V.O.",0.11,"3,000","177,420","641,640","822,060","90,426.60",0.11,ESPIRONOLACTONA
101037801,"ANOVULATORIO ORAL, ESTRÓGENOS: ETINILESTRADIOL,  0.020-0.030MG; PROGESTAGENOS: LEVONORGESTREL, 0.15MG. O GESTODENO, 0.075MG, TABLETA, V.O.",0.06,"660,576","198,744","113,778","973,098","58,385.88",0.06,ANOVULATORIO ORAL
101037901,"TRAMADOL CLORHIDRATO, 50MG, CÁPSULA, V.O.",0.03,"4,306,880","1,078,800","2,294,440","7,680,120","207,363.24",0.03,TRAMADOL CLORHIDRATO
101038201,"ACETIL SALICÍLICO ÁCIDO, 75-100MG, TABLETA, V.O.",0.02,"25,433,200","552,600","441,600","26,427,400","422,838.40",0.02,ACETIL SALICÍLICO ÁCIDO
101038801,"TRIMETROPIN 160MG CON SULFAMETOXAZOL 800MG, TABLETA RANURADA, V.O.",0.07,"241,500","287,600","433,100","962,200","62,543.00",0.07,TRIMETROPIN 160MG CON SULFAMETOXAZOL 800MG
101042601,"CICLOSPORINA 25mg, cápsula con microemulsión,  V.O.",0.97,"257,900","31,000","18,800","307,700","298,469.00",0.97,CICLOSPORINA 25mg
101042701,"CICLOSPORINA 100mg,  cápsula con microemulsión, V.O.",3.88,"223,000","17,200","31,000","271,200","1,052,256.00",3.88,CICLOSPORINA 100mg
101043001,"MERCAPTOPURINA  50MG.TABLETA,V.O.",1.64,150,0,0,150,246.00,1.64,MERCAPTOPURINA  50MG.TABLETA
101043501,"DIAZEPAM, 5MG, TABLETA, V.O.",0.15,"676,000","11,000","18,000","705,000","105,750.00",0.15,DIAZEPAM
101044101,"MEDROXIPROGESTERONA,  5mg, tableta, V.O.",0.50,0,0,"1,840","1,840",920.00,0.5,MEDROXIPROGESTERONA
101048601,"MULTIVITAMINAS Y MINERALES, CÁPSULA O TABLETA, V.O.",0.07,"2,165,000","822,000","20,500","3,007,500","210,525.00",0.07,MULTIVITAMINAS Y MINERALES
101051101,"FUROSEMIDA, 40MG,  TABLETA, V.O.",0.04,"8,778,400","2,006,800","689,900","11,475,100","424,578.70",0.04,FUROSEMIDA
101052301,"AMITRIPTILINA 10mg, cápsula o tableta, V.O.",0.30,0,0,0,0,0.00,0.3,AMITRIPTILINA 10mg
101054001,"PROPRANOLOL CLORHIDRATO, 40MG, TABLETA, V.O.",0.10,"642,700","549,000","266,700","1,458,400","144,381.60",0.1,PROPRANOLOL CLORHIDRATO
101057701,"COMPLEJO B,  TABLETA, V.O.",0.05,"10,534,500","1,280,000","1,566,000","13,380,500","602,122.50",0.05,COMPLEJO B
101058301,"WARFARINA SÓDICA 5mg, tableta, V.O.",0.50,320,"393,960","271,020","665,300","332,650.00",0.5,WARFARINA SÓDICA 5mg
101059201,"SULFASALAZINA, 500 MG,  TABLETA, V.O.",0.07,"577,900","176,500","99,000","853,400","57,177.80",0.07,SULFASALAZINA
101059401,"OMEPRAZOL, 20mg, CÁPSULA CON MICROESFERAS GASTRORRESISTENTES, V.O.",0.05,"27,791,144","5,615,120","4,498,200","37,904,464","1,781,509.81",0.05,OMEPRAZOL
101059601,"ANTIHISTAMÍNICO CON DESCONGESTIONANTE NASAL, ACCIÓN CORTA: ANTIHISTAMÍNICO: BROMFENIRAMINA, 4MG, O CARBINOXAMINA, 4MG, O CLORFENIRAMINA, 4MG, O TRIPROLIDINA, 2.5MG CON DESCONGESTIONANTE NASAL: FENILEFRINA, 20MG, O PSEUDOEFEDRINA, 60MG, CÁPSULA O TABLETA, V.O.",0.13,0,0,0,0,0.00,0.13,ANTIHISTAMÍNICO CON DESCONGESTIONANTE NASAL
101059901,"LORATADINA, 10MG, CÁPSULA O TABLETA, V.O.",0.01,"12,557,600","1,569,800","924,400","15,051,800","210,725.20",0.01,LORATADINA
101061101,"AMOXICILINA BASE O TRIHIDRATADA, 500MG, CÁPSULA O TABLETA, V.O.",0.05,0,"61,100","193,000","254,100","12,705.00",0.05,AMOXICILINA BASE O TRIHIDRATADA
101061301,"CEFALEXINA, 500MG, CÁPSULA O TABLETA, V.O.",0.12,"70,000","189,600","221,000","480,600","55,749.60",0.12,CEFALEXINA
101061701,"DICLOXACILINA, 500MG, CÁPSULA, V.O.",0.11,"306,200","49,400","97,100","452,700","50,249.70",0.11,DICLOXACILINA
101062501,"PRAZOSINA 2mg, tableta ranurada, V.O.",0.40,0,"12,750",0,"12,750","5,100.00",0.4,PRAZOSINA 2mg
101063301,"LEVODOPA CON CARBIDOPA, 250MG/25MG O LEVODOPA CON BENSERAZIDE, 200MG/50MG, TABLETA, V.O.",0.11,0,0,0,0,0.00,0.11,LEVODOPA CON CARBIDOPA
101064601,"ALOPURINOL 300mg, tableta, V.O. ",0.05,0,0,0,0,0.00,0.05,ALOPURINOL 300mg
101065301,"MEBENDAZOL 100mg, tableta, V.O. ",0.19,"4,000",0,"34,000","38,000","7,220.00",0.19,MEBENDAZOL 100mg
101065401,"DICLOFENACO SÓDICO, 50mg, cápsula o tableta, de liberación convencional o con capa entérica, V.O.",0.02,0,0,0,0,0.00,0.02,DICLOFENACO SÓDICO
101066201,"CLOMIFENO CITRATO 50mg, tableta, V.O.",0.50,"4,600",750,600,"5,950","2,975.00",0.5,CLOMIFENO CITRATO 50mg
101066401,"CLONAZEPAM 2mg, tableta, V.O.",0.09,0,0,0,0,0.00,0.09,CLONAZEPAM 2mg
101068201,"IBUPROFENO 400mg, cápsula o tableta; V.O.",0.04,0,0,0,0,0.00,0.04,IBUPROFENO 400mg
101068401,"ESPIRAMICINA 1.0-1.5 millones UI, cápsula o tableta, V.O.",0.36,0,0,0,0,0.00,0.36,ESPIRAMICINA 1.0-1.5 millones UI
101068701,"LOPERAMIDA CLORHIDRATO, 2mg, cápsula o tableta, V.O.",0.15,"4,500","17,600",0,"22,100","3,248.70",0.15,LOPERAMIDA CLORHIDRATO
101070101,"SULPIRIDA 50mg, cápsula o tableta, V.O.",0.14,0,0,0,0,0.00,0.14,SULPIRIDA 50mg
101070201,"SULPIRIDA 200mg, cápsula o tableta, V.O.",0.11,0,0,0,0,0.00,0.11,SULPIRIDA 200mg
101070401,"HALOPERIDOL, 5MG, TABLETA, V.O.",0.39,0,0,0,0,0.00,0.39,HALOPERIDOL
101070501,"CLINDAMICINA CLORHIDRATO 300mg, cápsula o tableta, V.O.",0.23,0,"158,000","1,500","159,500","36,844.50",0.23,CLINDAMICINA CLORHIDRATO 300mg
101070901,"AMANTADINA 100mg, tableta, V.O.",0.13,0,0,0,0,0.00,0.13,AMANTADINA 100mg
101071301,"VERAPAMILO CLORHIDRATO 120mg, tableta de acción prologada, V.O.",0.11,"2,033,940",0,0,"2,033,940","213,563.70",0.11,VERAPAMILO CLORHIDRATO 120mg
101071701,"HIDROXICARBAMIDA (HIDROXIUREA) 500mg, cápsula, V.O.",0.29,"1,203,400","128,500","4,300","1,336,200","387,498.00",0.29,HIDROXICARBAMIDA500mg
101072701,"GLICLAZIDA, 80mg, tableta, V.O.",0.05,0,0,"235,860","235,860","11,085.42",0.05,GLICLAZIDA
101073401,"PREDNISONA, 50MG, TABLETA, V.O. (X100)",0.53,0,0,0,0,0.00,0.53,PREDNISONA
101073501,"VERAPAMILO CLORHIDRATO 80mg, tableta, V.O.",0.11,0,0,0,0,0.00,0.11,VERAPAMILO CLORHIDRATO 80mg
101073801,"VALPROATO DE MAGNESIO, DIVALPROATO SÓDICO, 500mg, cápsula o tableta, de liberación modificada con capa entérica, V.O.",0.11,"1,325,440","66,880","40,600","1,432,920","157,621.20",0.11,VALPROATO DE MAGNESIO
101074101,"DANAZOL 200mg, cápsula o tableta, V.O.",0.76,"13,560",0,0,"13,560","10,305.60",0.76,DANAZOL 200mg
101074201,"CAPTOPRIL, 25MG, TABLETA, V.O.",0.18,"167,520","57,600","34,860","259,980","45,496.50",0.18,CAPTOPRIL
101074301,"COLCHICINA 0.5mg-0.6mg,  tableta, V.O.",0.24,0,0,0,0,0.00,0.24,COLCHICINA 0.5mg-0.6mg
101074801,"METFORMINA CLORHIDRATO 850mg, tableta ranurada,  V.O. ",0.02,"36,186,400","9,576,600","9,366,400","55,129,400","937,199.80",0.02,METFORMINA CLORHIDRATO 850mg
101075001,"SUCRALFATO 1g, tableta o gel oral, V.O.",0.71,0,0,0,0,0.00,0.71,SUCRALFATO 1g
101075501,"AMIODARONA CLORHIDRATO 200mg, tableta, V.O.",0.22,0,"5,400",0,"5,400","1,188.00",0.22,AMIODARONA CLORHIDRATO 200mg
101077501,"PARACETAMOL (ACETAMINOFÉN) 300-325mg con CODEÍNA FOSFATO 30mg, tableta, V.O. ",0.15,"221,000","59,500","14,000","294,500","44,175.00",0.15,PARACETAMOL300-325mg con CODEÍNA FOSFATO 30mg
101079701,"LEVOTIROXINA SAL SÓDICA 0.1mg, tableta, V.O. ",0.01,"6,313,000","2,702,000","2,748,000","11,763,000","164,682.00",0.01,LEVOTIROXINA SAL SÓDICA 0.1mg
101079801,"OXIBUTININA 5mg, tableta, V.O.",0.23,"297,000","437,700","339,200","1,073,900","246,997.00",0.23,OXIBUTININA 5mg
101079901,"LAMOTRIGINA 100mg, tableta o tableta  dispersable masticable o tableta dispersable, V.O. ",0.06,0,0,0,0,0.00,0.06,LAMOTRIGINA 100mg
101080001,"CLOZAPINA 100mg, tableta ranurada, V.O.",0.38,0,0,0,0,0.00,0.38,CLOZAPINA 100mg
101082801,"ZOLPIDEM 10mg, tableta ranurada, V.O. ",0.04,"9,600",0,"108,090","117,690","4,707.60",0.04,ZOLPIDEM 10mg
101082901,"TRIMETAZIDINA 20mg, tableta, V.O.",0.06,"1,400","90,200",0,"91,600","5,221.20",0.06,TRIMETAZIDINA 20mg
101083201,"CLARITROMICINA 500mg, cápsula o tableta, V.O.",0.33,"70,688",340,"55,750","126,778","42,090.30",0.33,CLARITROMICINA 500mg
101083401,"AZITROMICINA 500mg, cápsula o tableta, V.O.",0.19,"61,068","23,250","25,680","109,998","20,899.62",0.19,AZITROMICINA 500mg
101083601,"LEVOFLOXACINA 500mg, tableta, V.O.",0.62,"1,218","4,410","50,400","56,028","34,849.42",0.62,LEVOFLOXACINA 500mg
101083801,"LEFLUNOMIDA 20mg, tableta, V.O.",0.14,0,0,0,0,0.00,0.14,LEFLUNOMIDA 20mg
101084001,"MORFINA SULFATO, 15MG, CAPSULA O TABLETA, V.O.",4.50,"83,000","77,500","83,500","244,000","1,098,000.00",4.5,MORFINA SULFATO
101085001,"MONTELUKAST 10mg, tableta, V.O.",0.04,"9,579,300","778,400","555,900","10,913,600","469,284.80",0.04,MONTELUKAST 10mg
101085101,"MONTELUKAST 5mg, tableta masticable, V.O.",0.03,"1,010,900","278,600","45,400","1,334,900","45,386.60",0.03,MONTELUKAST 5mg
101085201,"ACICLOVIR 400mg, cápsula o tableta, V.O.",0.05,"963,000","293,600","340,000","1,596,600","84,619.80",0.05,ACICLOVIR 400mg
101085801,"DOXICICLINA 100mg, base clorhidrato o hiclato, cápsula o tableta, V.O.",0.21,0,0,0,0,0.00,0.21,DOXICICLINA 100mg
101086001,"CLOPIDOGREL DISULFATO 75mg, tableta, V.O. ",0.04,"5,638,500","1,304,400","3,591,600","10,534,500","389,776.50",0.04,CLOPIDOGREL DISULFATO 75mg
101086201,"FENOFIBRATO 200-250mg, cápsula de liberación prolongada, V.O. ",0.17,0,"25,800","828,480","854,280","145,227.60",0.17,FENOFIBRATO 200-250mg
101086401,"CARVEDILOL 6.25mg, tableta, V.O.",0.02,"84,000",0,"25,200","109,200","2,620.80",0.02,CARVEDILOL 6.25mg
101086601,"AMLODIPINA 5mg, tableta, V.O. ",0.01,"34,618,980","9,777,180","5,912,400","50,308,560","301,851.36",0.01,AMLODIPINA 5mg
101087001,"DILTIAZEM 180mg, cápsula o tableta, de liberación modificada, V.O. ",0.15,0,0,0,0,0.00,0.15,DILTIAZEM 180mg
101087201,"DILTIAZEM 60mg, cápsula o tableta, V.O.",0.16,"54,300","184,920","295,080","534,300","85,488.00",0.16,DILTIAZEM 60mg
101087401,"MICOFENOLATO MOFETILO 250mg, cápsula, V.O. ",0.95,"1,235,600","358,800","377,800","1,972,200","1,873,590.00",0.95,MICOFENOLATO MOFETILO 250mg
101090101,"LAMIVUDINA 150mg, cápsula o tableta,  V.O.",0.15,"19,440",720,0,"20,160","3,024.00",0.15,LAMIVUDINA 150mg
101090501,"ITRACONAZOL, 100MG, CÁPSULA O TABLETA, V.O.",1.17,"217,500","1,800",0,"219,300","256,581.00",1.17,ITRACONAZOL
101091001,"INDAPAMIDA 1.5mg, tableta de acción prolongada, V.O.",0.04,"12,060","1,639,140","2,068,500","3,719,700","141,348.60",0.04,INDAPAMIDA 1.5mg
101091101,"DEXAMETASONA 4mg, tableta, V.O.",0.16,"12,700",0,100,"12,800","2,048.00",0.16,DEXAMETASONA 4mg
101091401,"OLANZAPINA 10mg, tableta o tableta dispersable, V.O. ",0.09,0,0,0,0,0.00,0.09,OLANZAPINA 10mg
101091601,"IMATINIB MESILATO 100mg, cápsula o tableta, V.O.",2.73,0,"1,680",0,"1,680","4,586.40",2.73,IMATINIB MESILATO 100mg
101091901,"CAPECITABINA, 500MG, TABLETA O CÁPSULA, V.O.",0.02,"34,400",0,0,"34,400",818.72,0.02,CAPECITABINA
101092001,"LETROZOL  2.5mg, tableta, V.O.",0.67,"18,200","8,800",400,"27,400","18,358.00",0.67,LETROZOL  2.5mg
101092101,"LISINOPRIL,  20mg, tableta, V.O.",0.06,"1,033,420","40,100","2,768,000","3,841,520","230,491.20",0.06,LISINOPRIL
101092301,"IMATINIB MESILATO 400mg, cápsula o tableta, V.O.",1.50,"45,840","1,920",0,"47,760","71,640.00",1.5,IMATINIB MESILATO 400mg
101092801,"AMOXICILINA 500mg con ACIDO CLAVULÁNICO 125mg, tableta, V.O.",0.25,0,0,0,0,0.00,0.25,AMOXICILINA 500mg con ACIDO CLAVULÁNICO 125mg
101092901,"BICALUTAMIDA, 50MG, TABLETA, V.O.",0.12,"76,050","3,780","28,680","108,510","13,021.20",0.12,BICALUTAMIDA
101093001,"DEFLAZACORT 6mg, tableta, V.O.",0.29,"19,160","17,560","5,160","41,880","12,145.20",0.29,DEFLAZACORT 6mg
101093301,"GABAPENTINA 300mg, cápsula, V.O.",0.04,0,0,"361,000","361,000","15,884.00",0.04,GABAPENTINA 300mg
101093401,"IRBESARTÁN 300mg, tableta, V.O.",0.07,"11,490,220","45,060","62,520","11,597,800","753,857.00",0.07,IRBESARTÁN 300mg
101093501,"LINEZOLID 600mg, tableta,  V.O.",7.12,"73,600","8,440","8,720","90,760","646,211.20",7.12,LINEZOLID 600mg
101093601,"MINOXIDIL 10mg, tableta, V.O.",0.35,"43,100","15,800","58,000","116,900","40,798.10",0.35,MINOXIDIL 10mg
101093801,"PROPAFENONA  150mg, tableta, V.O.",0.35,0,0,"14,220","14,220","4,977.00",0.35,PROPAFENONA  150mg
101094001,"SIROLIMUS 1mg, tableta, V.O. ",9.41,"34,200","1,600","2,400","38,200","359,462.00",9.41,SIROLIMUS 1mg
101094101,"TACROLIMUS  1mg, cápsula, V.O.",3.76,"118,400","86,500","129,000","333,900","1,255,464.00",3.76,TACROLIMUS  1mg
101094201,"TALIDOMIDA, 100mg, tableta, V.O.",1.09,"29,600",400,"8,000","38,000","41,420.00",1.09,TALIDOMIDA
101094301,"TOPIRAMATO, 100MG, TABLETA, V.O.",0.09,"284,600","68,900","190,400","543,900","46,775.40",0.09,TOPIRAMATO
101094401,"TRETINOÍNA (ACIDO RETINOICO) 10mg, cápsula, V.O.",3.93,"9,100",0,0,"9,100","35,744.35",3.93,TRETINOÍNA10mg
101094501,"VALGANCICLOVIR  450mg, tableta, V.O.",7.77,"10,860",480,0,"11,340","88,111.80",7.77,VALGANCICLOVIR  450mg
101094701,"CINACALCET HIDROCLORURO,  30mg,  tableta, V.O.",1.14,0,"5,320","2,268","7,588","8,650.32",1.14,CINACALCET HIDROCLORURO
101095601,"DEFERASIROX 125mg, tableta dispersable, V.O.",9.95,"4,116",0,0,"4,116","40,958.32",9.95,DEFERASIROX 125mg
101095701,"DEFERASIROX 250mg, tableta dispersable, V.O. ",12.08,"1,456",0,0,"1,456","17,588.48",12.08,DEFERASIROX 250mg
101095801,"DEFERASIROX 500mg, tableta dispersable, V.O. ",6.29,"13,500",150,180,"13,830","86,949.21",6.29,DEFERASIROX 500mg
101096001,"NILOTINIB, 200mg, cápsula, V.O.",42.00,"247,184","39,872","11,760","298,816","12,550,272.00",42.0,NILOTINIB
101096101,"DASATINIB 70mg, tableta, V.O.",13.50,0,0,0,0,0.00,13.5,DASATINIB 70mg
101096201,"TENOFOVIR 300mg/EMTRICITABINA 200mg/EFAVIRENZ 600mg, tableta, V.O.",0.26,0,0,0,0,0.00,0.26,TENOFOVIR 300mg/EMTRICITABINA 200mg/EFAVIRENZ 600mg
101096301,"PERINDOPRIL,  5MG, TABLETA, V.O.",0.48,"10,100,640","1,416,120","4,598,760","16,115,520","7,735,449.60",0.48,PERINDOPRIL
101096501,"QUETIAPINA FUMARATO, 200mg, tableta, V.O.",0.06,"1,530",0,"2,800","4,330",259.80,0.06,QUETIAPINA FUMARATO
101096601,"IVERMECTINA 6mg, tableta, V.O.",0.20,"39,672","6,504","1,056","47,232","9,351.94",0.2,IVERMECTINA 6mg
101096801,"TENOFOVIR DISOPROXIL FUMARATO 300mg, equivalente a 245mg de TENOFOVIR DISOPROXILO , tableta, V.O.",0.47,"2,220",0,"2,760","4,980","2,325.66",0.47,TENOFOVIR DISOPROXIL FUMARATO 300mg
101096901,"RALTEGRAVIR 400mg, tableta, V.O. ",2.99,"539,160","3,600","42,000","584,760","1,748,432.40",2.99,RALTEGRAVIR 400mg
101097001,"EMTRICITABINA 200mg/ TENOFOVIR 300mg, tableta, V.O.",0.25,0,0,0,0,0.00,0.25,EMTRICITABINA 200mg/ TENOFOVIR 300mg
101097101,"SEVELAMER CARBONATO 800mg, tableta, V.O.",0.30,"545,580","361,980","281,520","1,189,080","355,534.92",0.3,SEVELAMER CARBONATO 800mg
101097201,"OXICODONA CLORHIDRATO, 10mg, tableta de liberación prolongada, V.O.",1.70,"13,290",0,"1,620","14,910","25,347.00",1.7,OXICODONA CLORHIDRATO
101097301,"OXICODONA CLORHIDRATO, 20MG TABLETA DE LIBERACION PROLONGADA, V.O.",2.89,0,0,0,0,0.00,2.89,OXICODONA CLORHIDRATO
101097401,"VORICONAZOL 200mg, tableta, V.O.",5.35,"13,530",240,960,"14,730","78,805.50",5.35,VORICONAZOL 200mg
101097501,"ABACAVIR 300mg, tableta, V.O.",0.56,"30,480","15,120","3,120","48,720","27,283.20",0.56,ABACAVIR 300mg
101097601,"TIZANIDINA CLORHIDRATO 4mg, tableta, V.O. (x1000)",0.83,0,0,"3,000","3,000","2,490.00",0.83,TIZANIDINA CLORHIDRATO 4mg
101097701,"PANCREATINA,  150mg, equivalente a: Lipasa 10,000U, Amilasa  8,000U, Proteasa 600U, cápsula, V.O.",0.79,"345,200","15,420",0,"360,620","284,889.80",0.79,PANCREATINA
101097801,"PRAMIPEXOL, 0.25 MG, TABLETA RANURADA, V.O.",0.55,0,0,0,0,0.00,0.55,PRAMIPEXOL
101097901,"PRAMIPEXOL, 1.0  MG, TABLETA RANURADA, V.O.",0.65,0,0,0,0,0.00,0.65,PRAMIPEXOL
101098001,"ACIDO ALENDRONICO (ALENDRONATO SODICO TRIHIDRATADO) 70mg, tableta, V.O.",0.51,0,0,0,0,0.00,0.51,ACIDO ALENDRONICO70mg
101098901,"FINGOLIMOD 0.5mg, cápsula, V.O",48.67,0,0,0,0,0.00,48.67,FINGOLIMOD 0.5mg
101099501,"EVEROLIMUS 0.5mg, tableta, V.O. ",5.70,"70,320","8,400",0,"78,720","448,704.00",5.7,EVEROLIMUS 0.5mg
101099601,"CABERGOLINA, 0.5MG, TABLETA V.O.",1.90,"8,040",0,0,"8,040","15,276.00",1.9,CABERGOLINA
101099901,"ABIRATERONA 250mg, tableta, V.O. ",2.49,"2,160","3,960","91,680","97,800","243,522.00",2.49,ABIRATERONA 250mg
101100001,"LENALIDOMIDA 10mg, tableta o cápsula, V.O.",51.54,"4,704",0,0,"4,704","242,444.16",51.54,LENALIDOMIDA 10mg
101100101,"LENALIDOMIDA 25mg, tableta o cápsula,  V.O. ",53.54,"1,428","1,323","1,596","4,347","232,738.38",53.54,LENALIDOMIDA 25mg
101100201,"DAPSONA 100mg, tableta, V.O.",0.97,0,0,0,0,0.00,0.97,DAPSONA 100mg
101100401,"DARUNAVIR ETANOLATO 600mg, tableta, V.O.",1.09,"47,040",0,"14,400","61,440","66,969.60",1.09,DARUNAVIR ETANOLATO 600mg
101100901,"DULOXETINA, 60mg, capsula o tableta, V.O.",1.53,"78,456","5,852","189,728","274,036","419,823.15",1.53,DULOXETINA
101101001,"ESCITALOPRAM 10mg, tableta, V.O",0.08,0,0,0,0,0.00,0.08,ESCITALOPRAM 10mg
101101101,"NILOTINIB, 150mg, cápsula, V. O.",42.00,"11,088",0,0,"11,088","465,696.00",42.0,NILOTINIB
101101201,PARICALCITOL 2mcg capsula V.O.,11.22,"2,040",120,"1,470","3,630","40,728.60",11.22,PARICALCITOL 2mcg capsula V.O.
101101301,"ZOLPIDEM, 6.25mg, tableta de liberacion prolongada, V.O",1.94,"413,164","3,416","1,470","418,050","811,017.00",1.94,ZOLPIDEM
101101401,"ZOLPIDEM, 12.5MG, TABLETA DE LIBERACIÓN PROLONGADA, V. O. ",1.96,"8,722",0,"1,260","9,982","19,564.72",1.96,ZOLPIDEM
101104301,"BICTEGRAVIR 50mg/EMTRICITABINA 200mg/TENOFOVIR 25mg Cápsula o Comprimido, V.O. (x30)",2.97,"1,573,380","16,470","210,360","1,800,210","5,346,623.70",2.97,BICTEGRAVIR 50mg/EMTRICITABINA 200mg/TENOFOVIR 25mg Cápsula o Comprimido
101104601,"FLUCONAZOL 150-200mg, tableta o cápsula, V.O.",0.21,0,0,0,0,0.00,0.21,FLUCONAZOL 150-200mg
102000702,"METOCLOPRAMIDA 5mg/ml, solución, I.M., I.V.",0.11,"10,020","21,260","76,032","107,312","11,804.32",0.11,METOCLOPRAMIDA 5mg/ml
102000901,"AGUA ESTERIL, para inyectable, vial o bolsa multiuso con sello de seguridad, 50-100ml.",1.27,"147,188",0,"35,682","182,870","232,244.90",1.27,AGUA ESTERIL
102001302,"FLUFENAZINA DECANOATO 25mg/ml, solución, I.M.",6.44,"9,320","1,150","2,546","13,016","83,823.04",6.44,FLUFENAZINA DECANOATO 25mg/ml
102001901,"INMUNOGLOBULINA ANTID HUMANA 125150mcg/ml o su equivalente en UI, solución, vial  I.M.",50.00,584,55,0,639,"31,950.00",50.0,INMUNOGLOBULINA ANTID HUMANA 125150mcg/ml o su equivalente en UI
102002101,"DIFENHIDRAMINA 10mg/ml, solución, I.M., I.V.",0.90,"185,768","17,260","12,390","215,418","193,876.20",0.9,DIFENHIDRAMINA 10mg/ml
102002701,"ESCOPOLAMINA BUTILBROMURO (HIOSCINA) 20mg/ml, solución, I.M., I.V.",0.33,"30,700","2,500",0,"33,200","10,956.00",0.33,ESCOPOLAMINA BUTILBROMURO20mg/ml
102003001,"CALCIO GLUCONATO 10%, solución, I.V.",0.75,"133,831","6,234","26,444","166,509","124,881.75",0.75,CALCIO GLUCONATO 10%
102003801,"CLORFENIRAMINA MALEATO 10mg/ml,  solución, I.M., I.V.",0.35,"56,135","19,360","28,190","103,685","36,186.07",0.35,CLORFENIRAMINA MALEATO 10mg/ml
102004401,"DEXAMETASONA FOSFATO SÓDICO (LIBRE DE ALCOHOL BENCÍLICO) 4mg/ml, solución, I.M., I.V.",0.30,"5,275","35,496","175,510","216,281","65,100.58",0.3,DEXAMETASONA FOSFATO SÓDICO4mg/ml
102004601,"DEXTROSA EN AGUA, al 5% en SOLUCIÓN SALINA al 0.9%, solución, envase plástico (bolsa o frasco) con equipo adaptable desechable para Infusión Intravenosa, 500ml.",0.57,"2,760","14,156","17,831","34,747","19,805.79",0.57,DEXTROSA EN AGUA
102004701,"DEXTROSA EN AGUA, al 5% en SOLUCIÓN SALINA al 0.9%, solución, envase plástico (bolsa o frasco), con equipo adaptable desechable para Infusión Intravenosa, 1,000ml.",0.69,"66,024","18,556","34,696","119,276","82,300.44",0.69,DEXTROSA EN AGUA
102004801,"DEXTROSA EN AGUA, al 5%, solución, envase plástico (bolsa o frasco), con equipo adaptable desechable para Infusión Intravenosa, 500ml.",0.67,"54,964","9,120","43,668","107,752","72,193.84",0.67,DEXTROSA EN AGUA
102004901,"DEXTROSA EN AGUA, al 5%, solución, envase plástico (bolsa o frasco), con equipo adaptable desechable para Infusión intravenosa, 1,000ml.",1.23,"157,540","16,024","2,712","176,276","216,819.48",1.23,DEXTROSA EN AGUA
102005001,"DEXTROSA EN AGUA, al 10%, solución, envase plástico (bolsa o frasco), con equipo adaptable desechable para Infusión Intravenosa, 500 ml. I.V.",0.64,"55,072","2,108","2,976","60,156","38,499.84",0.64,DEXTROSA EN AGUA
102005302,"DEXTROSA al 50%, solución, vial o frasco o bolsa, 50-100ml, I.V.",0.57,"122,461","14,428","93,530","230,419","131,338.83",0.57,DEXTROSA al 50%
102005901,"EFEDRINA SULFATO 25-60mg/ml, solución,  I.V.",5.35,0,0,0,0,0.00,5.35,EFEDRINA SULFATO 25-60mg/ml
102007401,"NALOXONA 0.4mg/ml, solución, I.M., I.V., S.C.",1.78,0,620,0,620,"1,103.60",1.78,NALOXONA 0.4mg/ml
102008501,"BLEOMICINA SULFATO 15U,  polvo liofilizado, S.C., I.M., I.V.",59.50,256,200,188,644,"38,318.00",59.5,BLEOMICINA SULFATO 15U
102008901,"DOXORUBICINA CLORHIDRATO 10mg-50mg, polvo liofilizado o solución, I.V.",5.22,0,0,0,0,0.00,5.22,DOXORUBICINA CLORHIDRATO 10mg-50mg
102009401,"RINGER LACTATO, solución, envase plástico (bolsa o frasco), con equipo adaptable desechable para Infusión Intravenosa 1,000ml.",0.71,0,0,0,0,0.00,0.71,RINGER LACTATO
102010701,"RINGER LACTATO, solución, envase plástico (bolsa o frasco), con equipo adaptable desechable para Infusión Intravenosa, 500ml.",0.59,"1,360","7,668","78,515","87,543","51,650.37",0.59,RINGER LACTATO
102011701,"MAGNESIO SULFATO 10%, solución,  I.V.",0.21,"41,253","3,600","34,064","78,917","16,572.57",0.21,MAGNESIO SULFATO 10%
102011801,"PETIDINA (MEPERIDINA) 50mg/ml, solución, I.M., I.V. ",2.22,0,520,"2,160","2,680","5,949.60",2.22,PETIDINA50mg/ml
102013401,"NOREPINEFRINA BITARTRATO (sal), equivalente a NOREPINEFRINA (base) 1mg/ml, solución, I.V.",0.79,"24,123","4,180","1,150","29,453","23,267.87",0.79,NOREPINEFRINA BITARTRATO
102013601,"BENCILPENICILINA BENZATÍNICA 2,400,000UI, polvo liofilizado, I.M.                                                                                   ",0.94,57,0,"1,300","1,357","1,275.58",0.94,BENCILPENICILINA BENZATÍNICA 2
102013701,"ANTAGONISTAS DE RECEPTORES 5-HT3: ONDANSETRÓN CLORHIDRATO 2mg/ml, solución, I.V., o TROPISETRÓN 1mg/ml, solución,I.V., o GRANISETRÓN 1mg/ml, solución, I.V.       ",0.51,332,"1,940","15,320","17,592","8,954.33",0.51,ANTAGONISTAS DE RECEPTORES 5-HT3: ONDANSETRÓN CLORHIDRATO 2mg/ml
102013801,"OLIGOELEMENTOS o ELEMENTOS TRAZAS PARA PEDIATRÍA CON ZINC, COBRE, MANGANESO, solución, I.V.  ",2.60,259,0,0,259,673.40,2.6,OLIGOELEMENTOS o ELEMENTOS TRAZAS PARA PEDIATRÍA CON ZINC
102013901,"ATRACURIO BESILATO 10mg/ml, solución, I.V.",1.00,0,400,0,400,400.00,1.0,ATRACURIO BESILATO 10mg/ml
102014001,"BENCILPENICILINA SÓDICA 1,000,000UI, polvo liofilizado, I.V. ",0.58,"27,004",876,"47,924","75,804","43,966.32",0.58,BENCILPENICILINA SÓDICA 1
102014101,"BENCILPENICILINA PROCAÍNICA 600,000  800,000UI, con o sin BENCILPENICILINA cristalina SÓDICA o POTÁSICA, polvo liofilizado, I.M. ",0.30,"442,500","53,520","57,700","553,720","166,116.00",0.3,BENCILPENICILINA PROCAÍNICA 600
102014501,"VASOPRESINA ACUOSA 10U/0.5ml, solución, S.C., I.M., I.V.",4.00,60,0,0,60,240.00,4.0,VASOPRESINA ACUOSA 10U/0.5ml
102014901,"POTASIO CLORURO 2mEq/ml, solución, I.V.",0.44,"158,187","21,010","31,450","210,647","92,684.68",0.44,POTASIO CLORURO 2mEq/ml
102016401,"NEOSTIGMINA METILSULFATO 0.5mg/ml, solución, I.M., I.V., S.C.",1.31,0,0,0,0,0.00,1.31,NEOSTIGMINA METILSULFATO 0.5mg/ml
102017101,"METILPREDNISOLONA ACETATO o TRIAMCINOLONA ACETONIDO o DIACETATO: 40mg/ml, solución, Intramuscular; Intraarticular, Tejidos Blandos e Intralesional.",2.26,0,0,0,0,0.00,2.26,METILPREDNISOLONA ACETATO o TRIAMCINOLONA ACETONIDO o DIACETATO: 40mg/ml
102017401,"SODIO CLORURO, al 0.9%, solución, envase plástico (bolsa o frasco), con equipo adaptable desechable para Infusión Intravenosa, 500ml.",0.64,"1,044,390","108,928","161,120","1,314,438","841,240.32",0.64,SODIO CLORURO
102017602,"SODIO CLORURO, al 0.9%, solución, envase plástico (bolsa o frasco), con equipo adaptable desechable para Infusión Intravenosa, 1,000ml.",0.83,"370,112","77,680","28,200","475,992","395,073.36",0.83,SODIO CLORURO
102018101,"SODIO BICARBONATO 7.5%, solución hipertónica, I.V.",1.75,"47,992","28,480","6,108","82,580","144,515.00",1.75,SODIO BICARBONATO 7.5%
102019001,"SODIO CLORURO 20-25%, solución hipertónica, I.V.",15.00,"9,794","5,072","17,024","31,890","478,318.11",15.0,SODIO CLORURO 20-25%
102019101,"HIDROCORTISONA SUCCINATO SÓDICO 50mg/ml, polvo liofilizado, I.M., I.V.",1.07,"32,090","14,960","10,600","57,650","61,627.85",1.07,HIDROCORTISONA SUCCINATO SÓDICO 50mg/ml
102020101,"OXITOCINA SINTÉTICA 5-10UI/ml, solución, I.V.",0.14,"108,796","11,300","26,974","147,070","20,442.73",0.14,OXITOCINA SINTÉTICA 5-10UI/ml
102022701,"CIANOCOBALAMINA 1,000mcg/ml, solución, I.M.",0.16,"19,090","5,260","57,150","81,500","12,877.00",0.16,CIANOCOBALAMINA 1
102023801,"AMPICILINA SÓDICA 1g, polvo liofilizado, I.M., I.V.",0.18,0,"5,000",0,"5,000",895.00,0.18,AMPICILINA SÓDICA 1g
102023901,"BIPERIDENO LACTATO 5mg/ml, solución, I.M., I.V.",2.03,"1,035",120,20,"1,175","2,385.25",2.03,BIPERIDENO LACTATO 5mg/ml
102025001,"VINBLASTINA SULFATO 10mg, polvo liofilizado, I.V.",38.93,880,0,0,880,"34,258.40",38.93,VINBLASTINA SULFATO 10mg
102026001,"CITARABINA 100mg, polvo liofilizado,   I.V.     ",7.66,"36,586",0,160,"36,746","281,474.36",7.66,CITARABINA 100mg
102026801,"LIGNOCAÍNA (LIDOCAÍNA) 2%, con preservativo, solución, I.M., I.V.",1.19,0,208,0,208,247.31,1.19,LIGNOCAÍNA2%
102027801,"MEDROXIPROGESTERONA, larga acción, 150mg/ml, solución, I.M.",2.96,"9,637","7,388","13,973","30,998","91,754.08",2.96,MEDROXIPROGESTERONA
102030701,"FENTANILO 0.05mg/ml, I.M., I.V. (Control Narcóticos).     ",0.50,"1,538,818","64,000","109,960","1,712,778","854,676.22",0.5,FENTANILO 0.05mg/ml
102031702,"FUROSEMIDA 10mg/ml, solución,  I.M., I.V.",0.11,"295,640","64,320","256,610","616,570","67,822.70",0.11,FUROSEMIDA 10mg/ml
102032401,"ATROPINA SULFATO 1mg/ml, solución,  S.C., I.M., I.V.   ",0.52,0,0,0,0,0.00,0.52,ATROPINA SULFATO 1mg/ml
102033301,"GENTAMICINA SULFATO 40mg/ml, solución, I.M., I.V.   ",0.17,"24,288","23,850","16,120","64,258","10,923.86",0.17,GENTAMICINA SULFATO 40mg/ml
102037201,"KETAMINA 50mg/ml, solución, I.M., I.V.",3.14,"3,188","1,774",380,"5,342","16,773.88",3.14,KETAMINA 50mg/ml
102037401,"CICLOFOSFAMIDA 500mg1g,  polvo liofilizado, I.V.",8.88,0,52,0,52,461.76,8.88,CICLOFOSFAMIDA 500mg1g
102037601,"MANITOL 20%, solución para Infusión Intravenosa, con equipo adaptable desechable I.V., (con filtro).",0.75,"11,094","2,771","14,344","28,209","21,156.75",0.75,MANITOL 20%
102040101,"HALOPERIDOL 5mg/ml, solución,  I.M.",0.76,"18,966","4,620",770,"24,356","18,461.85",0.76,HALOPERIDOL 5mg/ml
102041301,"HIDRALAZINA CLORHIDRATO 20mg/ml, polvo o solución, I.M., I.V.",8.63,"19,872","1,250","11,800","32,922","284,116.86",8.63,HIDRALAZINA CLORHIDRATO 20mg/ml
102041901,"OXACILINA SÓDICA 1g, polvo liofilizado, I.V.",0.21,"335,800","37,000","82,600","455,400","95,634.00",0.21,OXACILINA SÓDICA 1g
102042601,"DACARBAZINA CITRATO  200mg, polvo liofilizado, I. V.",6.77,73,0,"13,000","13,073","88,504.21",6.77,DACARBAZINA CITRATO  200mg
102043901,"AMIKACINA SULFATO 250 MG/ML, solución, I.M., I.V.                                                                                                                  ",1.60,"29,906","5,992","12,480","48,378","77,404.80",1.6,AMIKACINA SULFATO 250 MG/ML
102044201,"BUPIVACAÍNA CLORHIDRATO 0.5%, solución, Vía Parenteral.",1.55,"5,550",0,0,"5,550","8,602.50",1.55,BUPIVACAÍNA CLORHIDRATO 0.5%
102044501,"DICLOFENACO SÓDICO 25mg/ml, solución, I.M. o I.M./I.V.",0.08,10,0,40,50,4.00,0.08,DICLOFENACO SÓDICO 25mg/ml
102045001,"AMINOÁCIDOS CRISTALINOS al 10%, solución, 500ml, I.V.",5.88,102,380,510,992,"5,832.96",5.88,AMINOÁCIDOS CRISTALINOS al 10%
102045101,"DOPAMINA CLORHIDRATO 4050mg/ml, solución,  I.V.",1.25,0,35,0,35,43.75,1.25,DOPAMINA CLORHIDRATO 4050mg/ml
102045401,"VERAPAMILO CLORHIDRATO 5mg, solución, I.V.",3.54,136,864,60,"1,060","3,752.40",3.54,VERAPAMILO CLORHIDRATO 5mg
102045801,"MITOMICINA 5mg, polvo liofilizado, I.V.",20.76,0,0,0,0,0.00,20.76,MITOMICINA 5mg
102047001,"DIPIRONA CON SALES MAGNÉSICAS 2g/5ml, solución, I.M., I.V.",0.54,"637,203","198,210","368,500","1,203,913","650,113.02",0.54,DIPIRONA CON SALES MAGNÉSICAS 2g/5ml
102047601,"FENITOÍNA SÓDICA 50mg/ml, solución,  I.V. ",0.02,0,0,0,0,0.00,0.02,FENITOÍNA SÓDICA 50mg/ml
102048101,"AMINOFILINA 25mg/ml, solución,  I.V. ",0.40,"3,900",610,170,"4,680","1,872.00",0.4,AMINOFILINA 25mg/ml
102048201,"ADRENALINA CLORURO (EPINEFRINA) 1:1,000, 1mg/ml, solución, 1ml, S.C. I.M. I.V.",0.45,"28,320","14,748","24,841","67,909","30,559.05",0.45,ADRENALINA CLORURO1:1
102048301,"ISOPROTERENOL 0.2mg/ml, solución, I.V.",22.00,0,0,0,0,0.00,22.0,ISOPROTERENOL 0.2mg/ml
102048601,"PROPRANOLOL CLORHIDRATO 1mg/ml, solución, I.V.",10.97,"2,571",450,960,"3,981","43,671.57",10.97,PROPRANOLOL CLORHIDRATO 1mg/ml
102048801,"ACETILCOLINA CLORURO 1:100 o CARBACOL 0.01%, solución estéril, Vía Oftálmica.",28.00,616,0,48,664,"18,592.00",28.0,ACETILCOLINA CLORURO 1:100 o CARBACOL 0.01%
102049301,"DIGOXINA 0.25mg/ml, solución, I.V. ",3.59,"4,196",468,"1,788","6,452","23,162.68",3.59,DIGOXINA 0.25mg/ml
102051901,"ALBÚMINA HUMANA POBRE EN SODIO 10g/50ml (20%) ó 12.5g/50ml (25%), solución,  I.V.",23.00,"17,041","9,240","8,055","34,336","789,728.00",23.0,ALBÚMINA HUMANA POBRE EN SODIO 10g/50mló 12.5g/50ml
102052401,"DIMENHIDRINATO 10mg/ml, solución, I.V.",1.42,120,0,"17,320","17,440","24,764.80",1.42,DIMENHIDRINATO 10mg/ml
102052601,"FITOMENADIONA (VITAMINA K) 10mg/ml, solución, I.M., I.V.",0.98,199,451,860,"1,510","1,479.80",0.98,FITOMENADIONA10mg/ml
102053001,"AMINOCAPRÓICO ÁCIDO 250mg/ml, solución, I.V.",35.00,0,104,"2,920","3,024","105,840.00",35.0,AMINOCAPRÓICO ÁCIDO 250mg/ml
102053201,"HEPARINA SÓDICA 5,000UI/ml, solución, I.V., S.C. ",3.07,"91,236","29,800","33,960","154,996","475,837.72",3.07,HEPARINA SÓDICA 5
102053501,"PROTAMINA CLORHIDRATO o SULFATO 10mg/ml ó 1,000U/ml, solución, I.V.",9.52,0,0,0,0,0.00,9.52,PROTAMINA CLORHIDRATO o SULFATO 10mg/ml ó 1
102053901,"METOTREXATE 25mg/ml, solución isotónica parenteral libre de preservativos, I.M., I.T., I.V.",5.71,"9,120",530,0,"9,650","55,140.10",5.71,METOTREXATE 25mg/ml
102054301,"VINCRISTINA SULFATO 1mg, polvo liofilizado o solución, I.V.  ",11.34,100,0,549,649,"7,359.66",11.34,VINCRISTINA SULFATO 1mg
102055301,"ANFOTERICINA B 50mg, polvo liofilizado, I.V.",5.19,"6,378",80,350,"6,808","35,333.52",5.19,ANFOTERICINA B 50mg
102055501,"CEFALOTINA SÓDICA 1g, polvo liofilizado, I.V.",0.69,"545,810",570,"41,600","587,980","405,706.20",0.69,CEFALOTINA SÓDICA 1g
102059001,"SUERO ANTIOFÍDICO, POLIVALENTE, (QUE INCLUYE ANTI-B  ASPER/ATROX), CON ANTILAQUÉSICO, solución, vial, 10ml, I.V.",41.48,"7,420","2,023","4,493","13,936","578,065.28",41.48,SUERO ANTIOFÍDICO
102059401,"DIAZEPAM 5mg/ml, solución, I.M., I.V.",1.42,"65,869","1,592","2,124","69,585","98,810.70",1.42,DIAZEPAM 5mg/ml
102059601,"SUXAMETONIO (SUCCINILCOLINA) CLORURO 50mg/ml, polvo liofilizado, I.V.",13.08,"2,732",160,"1,220","4,112","53,784.96",13.08,SUXAMETONIOCLORURO 50mg/ml
102060101,"CISPLATINO 10mg, polvo liofilizado o solución, I.V.",6.98,"2,164",0,440,"2,604","18,175.92",6.98,CISPLATINO 10mg
102060301,"CLINDAMICINA FOSFATO 150mg/ml, solución, I.M., I.V.",0.32,"77,680","60,452","43,140","181,272","58,007.04",0.32,CLINDAMICINA FOSFATO 150mg/ml
102061601,"METILPREDNISOLONA SUCCINATO SÓDICO 500mg polvo liofilizado o solución, I.V.",3.63,"20,108","14,112","14,788","49,008","177,899.04",3.63,METILPREDNISOLONA SUCCINATO SÓDICO 500mg polvo liofilizado o solución
102062401,"SALINA BALANCEADA, solución estéril, Uso Intraocular.",9.00,"4,588",96,192,"4,876","43,884.00",9.0,SALINA BALANCEADA
102062501,"CEFTRIAXONA SÓDICA 500mg, polvo liofilizado, con diluyente lidocaína 1%, I.M.",2.17,"5,040","5,040",47,"10,127","21,975.59",2.17,CEFTRIAXONA SÓDICA 500mg
102062701,"CEFTRIAXONA SÓDICA 1g, polvo liofilizado, I.V.",0.29,0,0,0,0,0.00,0.29,CEFTRIAXONA SÓDICA 1g
102062801,"CEFOXITINA SÓDICA 1g, polvo liofilizado, I.V.",1.42,"32,050","17,930","16,600","66,580","94,477.02",1.42,CEFOXITINA SÓDICA 1g
102063001,"DOBUTAMINA 250mg, solución, I.V.",2.73,"10,436","1,080","6,480","17,996","49,129.08",2.73,DOBUTAMINA 250mg
102063201,"VANCOMICINA 500mg, polvo liofilizado, I.V.      ",0.88,"2,400","54,650","44,150","101,200","88,954.80",0.88,VANCOMICINA 500mg
102064001,"ASPARAGINASA 10,000UI, polvo  liofilizado, I.V.",66.50,0,0,0,0,0.00,66.5,ASPARAGINASA 10
102064701,"ETOPÓSIDO 20mg/ml, solución, I.V.",5.11,0,0,0,0,0.00,5.11,ETOPÓSIDO 20mg/ml
102066301,"CEFOTAXIMA 1g, polvo liofilizado, I.V.",0.28,"62,150","5,000","267,600","334,750","95,069.00",0.28,CEFOTAXIMA 1g
102066801,"MORFINA CLORHIDRATO o SULFATO 10mg/ml, solución, S.C., I.M., I.V.",0.38,"109,920","19,780","12,920","142,620","54,623.46",0.38,MORFINA CLORHIDRATO o SULFATO 10mg/ml
102069001,"METRONIDAZOL 500mg, solución, I.V.",0.34,"255,360","12,000","124,816","392,176","133,339.84",0.34,METRONIDAZOL 500mg
102070601,"EMULSIÓN DE LÍPIDOS DE CUARTA GENERACIÓN: ACEITE DE SOYA 40-60g/1000ml, TRIGLICÉRIDOS DE CADENA MEDIA 40-60g/1000ml, ACEITE DE OLIVA 40-60g/1000ml, ACEITE DE PESCADO RICO EN OMEGA-3 20-30g/1000ml, bolsa plástica o frasco, 500ml, I.V.",35.00,"1,800",80,560,"2,440","85,400.00",35.0,EMULSIÓN DE LÍPIDOS DE CUARTA GENERACIÓN: ACEITE DE SOYA 40-60g/1000ml
102072101,"CEFTAZIDIMA 1g, polvo liofilizado, I.M., I.V.",0.69,"53,456","14,750","25,520","93,726","64,389.76",0.69,CEFTAZIDIMA 1g
102072301,"INSULINA NPH (HUMANA) 100UI/ml, suspensión, S.C. ",3.64,"275,620","9,800","11,790","297,210","1,081,844.40",3.64,INSULINA NPH100UI/ml
102072401,"INSULINA REGULAR (HUMANA) 100UI/ml,  solución, S.C., I.V.",3.80,"132,487","2,400","5,570","140,457","533,736.60",3.8,INSULINA REGULAR100UI/ml
102072601,"INMUNOGLOBULINA 5-10g, polvo liofilizado o solución, I.V.",367.00,"16,097",3,"4,280","20,380","7,479,460.00",367.0,INMUNOGLOBULINA 5-10g
102073001,"PROPOFOL 10mg/ml, emulsión, I.V.",1.18,"11,520","30,235","15,320","57,075","67,348.50",1.18,PROPOFOL 10mg/ml
102073301,"ACICLOVIR 25mg/ml, polvo liofilizado, I.V.",2.19,"20,645",0,250,"20,895","45,760.05",2.19,ACICLOVIR 25mg/ml
102073401,"ERITROPOYETINA 2,000UI, solución, polvo liofilizado, S.C., I.V.",1.64,"627,896","74,560","11,600","714,056","1,171,051.84",1.64,ERITROPOYETINA 2
102073501,"IFOSFAMIDA 1g, polvo liofilizado,  I.V.",11.25,40,0,5,45,506.25,11.25,IFOSFAMIDA 1g
102073601,"MESNA 100mg/ml, solución, I.V.",3.73,0,0,0,0,0.00,3.73,MESNA 100mg/ml
102073701,"MIDAZOLAM 5mg/ml, solución, I.V.",0.69,"146,626","15,584","45,000","207,210","142,974.90",0.69,MIDAZOLAM 5mg/ml
102074001,"LEUCOVORINA CÁLCICA (ACIDO FOLÍNICO) 50mg, polvo liofilizado o solución, I.M., I.V.",4.70,0,0,0,0,0.00,4.7,LEUCOVORINA CÁLCICA50mg
102074201,"FACTOR VIII ANTIHEMOFÍLICO HUMANO DE ORIGEN PLASMÁTICO CON O SIN FACTOR DE VON WILLEBRAND, con doble inactivación viral o inactivación viral y eliminación viral 250-1,000UI, solución o polvo, vial,  I.V.       (vial x 500ui)",60.25,"4,818",0,900,"5,718","344,509.50",60.25,FACTOR VIII ANTIHEMOFÍLICO HUMANO DE ORIGEN PLASMÁTICO CON O SIN FACTOR DE VON WILLEBRAND
102074301,"GLICERIL TRINITRATO (NITROGLICERINA) 5mg/ml, solución, I.V.",7.45,"2,580",680,"1,440","4,700","35,015.00",7.45,GLICERIL TRINITRATO5mg/ml
102074401,"COMPLEJO PROTROMBÍNICO, con un mínimo de 200UI de FACTOR IX, solución o polvo liofilizado, I.V.  ",144.50,354,0,0,354,"51,153.00",144.5,COMPLEJO PROTROMBÍNICO
102075001,"CARBAPENEM: IMIPENEM 500mg con CILASTATINA 500mg, polvo liofilizado, I.V.",2.40,"29,140",283,"4,784","34,207","82,096.80",2.4,CARBAPENEM: IMIPENEM 500mg con CILASTATINA 500mg
102075301,"GANCICLOVIR 500mg, polvo liofilizado, I.V.",57.00,0,0,0,0,0.00,57.0,GANCICLOVIR 500mg
102075401,"SURFACTANTE PULMONAR: COLFOSCERILO PALMITATO o FOSFOLÍPIDO 100-240mg, suspensión, Vía Endotraqueal.",147.72,"1,196",12,12,"1,220","180,218.40",147.72,SURFACTANTE PULMONAR: COLFOSCERILO PALMITATO o FOSFOLÍPIDO 100-240mg
102075501,"NIMODIPINA 10mg/50ml, solución, I.V.",6.00,"3,624",340,"4,248","8,212","49,272.00",6.0,NIMODIPINA 10mg/50ml
102075601,"OCTREOTIDE 0.1mg, solución, I.V., S.C.",2.88,"4,160",160,190,"4,510","12,988.80",2.88,OCTREOTIDE 0.1mg
102075701,"SODIO CLORURO, 0.9%,  solución, envase plástico (bolsa o frasco), 3,000ml, I.V.",4.81,0,"2,568",0,"2,568","12,357.22",4.81,SODIO CLORURO
102075901,"FLUMAZENIL 0.1mg/ml, solución, I.V.",3.65,200,30,0,230,839.50,3.65,FLUMAZENIL 0.1mg/ml
102076101,"CARBOPLATINO 150mg,  polvo liofilizado o solución, I.V.",35.00,"1,812",0,0,"1,812","63,420.00",35.0,CARBOPLATINO 150mg
102076401,"INMUNOGLOBULINA 2.5-3g, polvo liofilizado o solución,  I.V.   ",183.50,"1,616",0,0,"1,616","296,536.00",183.5,INMUNOGLOBULINA 2.5-3g
102077101,"CIPROFLOXACINA LACTATO 200mg, solución, I.V.",0.37,"184,756","9,900","96,120","290,776","107,587.12",0.37,CIPROFLOXACINA LACTATO 200mg
102077201,"FLUCONAZOL 2mg/ml, solución, I.V.",0.94,0,"1,020",0,"1,020",958.80,0.94,FLUCONAZOL 2mg/ml
102077301,"HEPARINA DE BAJO PESO MOLECULAR, CON ACTIVIDAD ANTI-Xa  2,500-4,000UI, solución, jeringa prellenada, S.C.           (jeringa x 40 ui)",3.47,"240,120","33,176","31,834","305,130","1,058,801.10",3.47,HEPARINA DE BAJO PESO MOLECULAR
102077501,"CEFEPIME 1g, polvo liofilizado, I.V.",0.84,"106,620","1,340","23,720","131,680","110,611.20",0.84,CEFEPIME 1g
102077801,"FACTOR ESTIMULANTE DE COLONIAS DE GRANULOCITOS (G-CSF): FILGRASTIM 300mcg, solución, S.C., I.V. ",14.00,"16,380",960,0,"17,340","242,760.00",14.0,FACTOR ESTIMULANTE DE COLONIAS DE GRANULOCITOS: FILGRASTIM 300mcg
102077901,"MEROPENEM 1g, polvo liofilizado, I.V.",3.11,"51,268","17,185","6,200","74,653","232,170.83",3.11,MEROPENEM 1g
102078001,"PIPERACILINA 4g con TAZOBACTAM 500mg, polvo liofilizado, I.V.",1.78,"14,560","44,190","74,980","133,730","238,039.40",1.78,PIPERACILINA 4g con TAZOBACTAM 500mg
102078101,"AMINOÁCIDOS CRISTALINOS al 10%, con CISTEÍNA, HISTIDINA, TAURINA y TIROSINA, solución, 250-500ml, I.V.",10.00,"3,320",0,0,"3,320","33,200.00",10.0,AMINOÁCIDOS CRISTALINOS al 10%
102078201,"DEXTROSA HIPERTÓNICA 50% a 70%, solución, 500ml a 2,000ml, I.V.",7.97,40,160,0,200,"1,594.00",7.97,DEXTROSA HIPERTÓNICA 50% a 70%
102078301,"OLIGOELEMENTOS o ELEMENTOS TRAZAS PARA ADULTOS CON ZINC, COBRE, MANGANESO Y CROMO, solución, I.V.",12.10,0,0,0,0,0.00,12.1,OLIGOELEMENTOS o ELEMENTOS TRAZAS PARA ADULTOS CON ZINC
102078401,"POTASIO FOSFATO 3mmol/ml, solución, I.V.",13.58,0,0,0,0,0.00,13.58,POTASIO FOSFATO 3mmol/ml
102078501,"AGUA ESTÉRIL, frasco o bolsa, 1,000-4,000ml, Vía Parenteral.",1.13,"18,056","2,152","58,508","78,716","89,106.51",1.13,AGUA ESTÉRIL
102078701,"OMEPRAZOL, 40MG, POLVO LIOFILIZADO, I.V.",0.43,"5,418",0,0,"5,418","2,329.74",0.43,OMEPRAZOL
102079001,"HIERRO NO DEXTRÁN, 10-20MG/ML, SOLUCIÓN, I.V.",1.97,"79,860","45,980","4,425","130,265","256,622.05",1.97,HIERRO NO DEXTRÁN
102079101,"TIROFIBAN CLORHIDRATO 0.25mg/ml, solución, I.V.",10.00,0,0,0,0,0.00,10.0,TIROFIBAN CLORHIDRATO 0.25mg/ml
102079201,"DEXTROSA EN AGUA, AL 5% EN SOLUCIÓN SALINA AL 0.33%, SOLUCIÓN, ENVASE PLÁSTICO (BOLSA O FRASCO), CON EQUIPO ADAPTABLE DESECHABLE PARA INFUSIÓN INTRAVENOSA, 500ML.",0.41,"67,820","26,844","26,280","120,944","49,587.04",0.41,DEXTROSA EN AGUA
102079301,"AMIODARONA 50mg/ml, solución,  I.V. ",2.34,194,274,0,468,"1,095.12",2.34,AMIODARONA 50mg/ml
102079401,"ADENOSINA, 3MG/ML, SOLUCIÓN, . I.V.",5.18,596,367,"1,084","2,047","10,603.46",5.18,ADENOSINA
102079501,"LEVOFLOXACINA, 500MG, SOLUCIÓN, I.V.",0.98,"25,388","8,767","13,708","47,863","46,905.74",0.98,LEVOFLOXACINA
102079601,"METOTREXATE, 1G, SOLUCIÓN , I.M., I.T., I.V.",60.67,"4,234",0,0,"4,234","256,876.78",60.67,METOTREXATE
102079701,"CITARABINA 500mg-1000mg,  polvo estéril para solución inyectable,  I.V. Infusión I.V., S.C., Intratecal.",17.29,"2,540",0,130,"2,670","46,164.30",17.29,CITARABINA 500mg-1000mg
102079801,"GEMCITABINA CLORHIDRATO 1g, polvo liofilizado,  I.V.",22.56,320,0,0,320,"7,219.20",22.56,GEMCITABINA CLORHIDRATO 1g
102080001,"ROCURONIO BROMURO 10mg/ml, solución, I.V. ",2.88,"22,944","5,296","7,415","35,655","102,686.40",2.88,ROCURONIO BROMURO 10mg/ml
102080201,"DEXTROSA EN AGUA, AL 5% EN SOLUCIÓN SALINA AL 0.45%, SOLUCIÓN, ENVASE PLÁSTICO (BOLSA O FRASCO), CON EQUIPO ADAPTABLE DESECHABLE PARA INFUSIÓN INTRAVENOSA, 500ML.",0.88,"27,395",0,"6,400","33,795","29,739.60",0.88,DEXTROSA EN AGUA
102080301,"BASILIXIMAB, 20MG, POLVO LIOFILIZADO,  I.V.","1,398.50",0,0,0,0,0.00,1398.5,BASILIXIMAB
102080401,"LEUPRORELINA (LEUPROLIDE) ACETATO, 11.25MG, POLVO LIOFILIZADO, S.C., I.M.",226.83,83,0,"1,980","2,063","467,950.29",226.83,LEUPRORELINAACETATO
102080801,"RITUXIMAB 100mg, solución, I.V.",60.72,"2,264",0,140,"2,404","145,970.88",60.72,RITUXIMAB 100mg
102081101,"ZOLEDRÓNICO ÁCIDO 4mg, solución, I.V. ",18.50,710,748,224,"1,682","31,117.00",18.5,ZOLEDRÓNICO ÁCIDO 4mg
102081301,"INTERFERON BETA 1B, 250 MCG (8 MILLONES UI)/ML, POLVO LIOFILIZADO, SC.",90.00,"3,645",0,0,"3,645","328,050.00",90.0,INTERFERON BETA 1B
102081401,"Interferon beta 1a, 44mcg (12 millones UI), solución, sin albúmina, S.C.",115.17,"8,816",244,"1,296","10,356","1,192,700.52",115.17,Interferon beta 1a
102081501,"Interferon beta 1a, 30mcg (6 millones UI), polvo liofilizado, I.M.",286.00,"2,044",0,48,"2,092","598,312.00",286.0,Interferon beta 1a
102081701,"RITUXIMAB 500mg, solución, I.V.",181.22,"1,962",574,144,"2,680","485,669.60",181.22,RITUXIMAB 500mg
102081801,"MEGLUMINA ANTIMONIATO 1.5g/5ml, sal activa en solución 81mg/ml,  I.M., I.V.",0.74,"6,546",240,"7,570","14,356","10,623.44",0.74,MEGLUMINA ANTIMONIATO 1.5g/5ml
102082101,"INSULINA ANÁLOGA DE ACCIÓN PROLONGADA GLARGINA, 100UI/ml, solución, S.C. ",42.90,"20,920","21,556","24,800","67,276","2,886,140.40",42.9,INSULINA ANÁLOGA DE ACCIÓN PROLONGADA GLARGINA
102082201,"TOCILIZUMAB 20mg/ml, solución concentrada, I.V.",260.00,"2,635",240,115,"2,990","777,400.00",260.0,TOCILIZUMAB 20mg/ml
102082301,"Tigeciclina clorhidrato, 50mg, polvo liofilizado, I.V.",11.62,"8,610","1,570",680,"10,860","126,193.20",11.62,Tigeciclina clorhidrato
102082401,"Ertapenem, 1g, polvo liofilizado para solución inyectable, I.M., I.V.",49.66,"28,682","2,218","5,148","36,048","1,790,143.68",49.66,Ertapenem
102090601,"Trimetoprin 16mg con Sulfametoxazol 80mg/ml, solución, I.V.",14.48,0,0,0,0,0.00,14.48,Trimetoprin 16mg con Sulfametoxazol 80mg/ml
102090701,"Octreotide, 20mg, acción prolongada, polvo liofilizado, I.M.",490.20,790,325,432,"1,547","758,339.40",490.2,Octreotide
102090801,"Labetalol Hidrocloruro 5mg/ml, solucion, I.V. ",17.68,"18,465","9,565","1,320","29,350","518,908.00",17.68,Labetalol Hidrocloruro 5mg/ml
102091201,"Busulfano, 6mg/ml, solución, I.V.",319.00,960,0,0,960,"306,240.00",319.0,Busulfano
102091301,"CASPOFUNGINA 50mg, polvo liofilizado, I.V.",39.50,54,"2,270","1,162","3,486","137,697.00",39.5,CASPOFUNGINA 50mg
102091401,"CICLOSPORINA 50mg/ml, solución,  I.V. (x10)",9.90,"2,400",0,0,"2,400","23,760.00",9.9,CICLOSPORINA 50mg/ml
102091601,"DAUNORUBICINA HIDROCLORURO 20mg, polvo liofilizado, I.V.",50.00,0,0,0,0,0.00,50.0,DAUNORUBICINA HIDROCLORURO 20mg
102091701,"Etanercept,  50mg,  S.C.",169.97,"22,440","6,544","7,800","36,784","6,252,176.48",169.97,Etanercept
102091801,"Factor VIII rico en Factor Von Willebrand, 250-500UI, polvo liofilizado, vial, I.V.           X250",60.00,220,0,0,220,"13,200.00",60.0,Factor VIII rico en Factor Von Willebrand
102092101,"Heparina bajo peso molecular (Enoxaparina Sódica), actividad anti-Xa 8,000UI, solución, jeringa prellenada, 0.8ml, S.C.",5.89,"41,640","19,024","3,310","63,974","376,806.86",5.89,Heparina bajo peso molecular
102092301,"Infliximab, 100mg, polvo liofilizado, I.V.",144.30,350,1,0,351,"50,649.30",144.3,Infliximab
102092501,"LEVOBUPIVACAÍNA CLORHIDRATO 5mg/ml, solución, Vía Parenteral.",3.23,0,0,0,0,0.00,3.23,LEVOBUPIVACAÍNA CLORHIDRATO 5mg/ml
102092601,"Linezolid, 600mg, solución, I.V.",7.95,"21,830",930,"4,860","27,620","219,579.00",7.95,Linezolid
102092701,"MELFALANO CLORHIDRATO 50mg, polvo liofilizado, I.V.",125.00,264,0,0,264,"33,000.00",125.0,MELFALANO CLORHIDRATO 50mg
102092801,"Milrinona, 1mg/ml, solución, I.V. ",12.78,"3,160",0,0,"3,160","40,384.80",12.78,Milrinona
102092901,"Paricalcitol, 5mcg/ml, solución,  I.V. ",1.65,"64,860","98,980","35,520","199,360","328,944.00",1.65,Paricalcitol
102093001,"POLIMIXINA B SULFATO 500,000UI, polvo o solución, I.M., I.V.",13.01,"38,384",240,"8,020","46,644","606,838.44",13.01,POLIMIXINA B SULFATO 500
102093201,"Teicoplanina, 400mg, polvo liofilizado, I.M, I.V.",20.87,"3,946","1,130",408,"5,484","114,451.08",20.87,Teicoplanina
102093301,"TOXINA BOTULÍNICA TIPO A 100UI, polvo, I.M.   ",265.80,0,0,80,80,"21,264.00",265.8,TOXINA BOTULÍNICA TIPO A 100UI
102093401,"Tramadol clorhidrato, 50mg/ml, solucion, I.V.",0.14,"106,416","44,132","138,889","289,437","40,521.18",0.14,Tramadol clorhidrato
102093601,"LEVOSIMENDAN 2.5mg/ml, solución, I.V.     ",633.00,512,0,0,512,"324,096.00",633.0,LEVOSIMENDAN 2.5mg/ml
102093901,"BORTEZOMIB 3.5mg,  polvo liofilizado,  I.V., S.C.",35.00,0,0,0,0,0.00,35.0,BORTEZOMIB 3.5mg
102094101,"Aminoácidos, al 13.4%, enriquecido con Glutamina, solución, 500-1,000ml, I.V.  ",65.00,"4,520",129,800,"5,449","354,185.00",65.0,Aminoácidos
102094201,"Dipéptido Alanina-Glutamina, al 20%, solución, frasco, 100ml, I.V. ",49.00,0,0,0,0,0.00,49.0,Dipéptido Alanina-Glutamina
102094501,"Dornase Alfa (Desoxirribonucleasa), 1mg/ml, solución, nebulización",43.33,"13,488",0,0,"13,488","584,435.04",43.33,Dornase Alfa
102094601,"DEXTROSA EN AGUA al 5%, solución, bolsa plástica con dos salidas, con equipo adaptable desechable para Infusión Intravenosa, 50ml.",0.52,0,"15,560",0,"15,560","8,091.20",0.52,DEXTROSA EN AGUA al 5%
102094701,"DEXTROSA EN AGUA al 5%, solución, bolsa plástica con dos salidas, con equipo adaptable desechable para Infusión Intravenosa, 100ml.",0.56,0,0,0,0,0.00,0.56,DEXTROSA EN AGUA al 5%
102094901,"LIDOCAÍNA 2%, solución sin preservativo, Vía Infiltración Local, Troncular, Peridural, I.M., I.V.",2.25,"37,618",720,0,"38,338","86,260.50",2.25,LIDOCAÍNA 2%
102095001,"Desmopresina acetato, 15 mcg/ml, solución, I.V., S.C.",60.50,"1,050",540,480,"2,070","125,235.00",60.5,Desmopresina acetato
102095101,"Insulina Análoga Lispro, 100 UI/ml, solucion, I.V.",31.12,"4,016",914,"1,684","6,614","205,827.68",31.12,Insulina Análoga Lispro
102095201,"Suero antiofídico anti-coral (contra Micrurus nigrocintus Micrurus fulvius y Micrurus d. arinicaudus), solución o polvo liofilizado, ampolla o vial, 10ml, I.M., I.V.",51.60,231,10,9,250,"12,900.00",51.6,Suero antiofídico anti-coral
102095301,"Icodextrina, 7.5%, solución, intraperitoneal",21.50,"55,584","7,936","29,076","92,596","1,990,814.00",21.5,Icodextrina
102095501,"TESTOSTERONA UNDECANOATO 1,000mg, solución, I.M.",70.00,0,0,0,0,0.00,70.0,TESTOSTERONA UNDECANOATO 1
102095601,"Hormona de crecimiento (somatropina), 5-16 mg, solución o polvo con diluyente, S.C.",62.40,"3,539",51,0,"3,590","224,016.00",62.4,Hormona de crecimiento
102095701,"Palivizumab 100 mg/ml, polvo liofilizado o solución, I.M.","1,131.22",802,4,200,"1,006","1,138,007.32",1131.22,Palivizumab 100 mg/ml
102096001,"Derivados de Acido Hialurónico de alto peso molecular (mayor de 4 millones de Daltons), solución, uso via intra-articular.",106.16,0,0,260,260,"27,601.60",106.16,Derivados de Acido Hialurónico de alto peso molecular
102096101,"FACTOR IX, 600 UI, POLVO Y DISOLVENTE PARA SOLUCIÓN INYECTABLE O PARA PERFUSIÓN, I.V.  /  FACTOR IX, 50-600 UI/ml, POLVO Y DISOLVENTE PARA SOLUCION INYECTABLE O PARA PERFUSION, I.V.",390.00,350,0,0,350,"136,500.00",390.0,FACTOR IX
102096301,"AZACITIDINA 100mg, polvo  para preparación inyectable o para perfusión,  S.C., I.V.",173.60,330,0,0,330,"57,288.00",173.6,AZACITIDINA 100mg
102096401,"NATALIZUMAB, 300 MG CONCENTRADO PARA SOLUCIÓN PARA PERFUSIÓN,  I.V.","2,940.00",0,0,0,0,0.00,2940.0,NATALIZUMAB
102096501,"ADALIMUMAB, 40mg, solución inyectable, S.C.",139.32,"10,177",345,760,"11,282","1,571,808.24",139.32,ADALIMUMAB
102097801,"ALTEPLASA (rtpA) 50mg, polvo liofilizado,  I.V. ",447.75,818,112,304,"1,234","552,523.50",447.75,ALTEPLASA50mg
102097901,"FORMULACIÓN PARA ALIMENTACIÓN PARENTERAL EN BOLSA DE TRES CÁMARAS: NUTRICIÓN PARENTERAL PERIFÉRICA COMPLETA: EMULSIÓN LIPÍDICA 20%+ GLUCOSA 11% + AMINOÁCIDO Y ELECTROLITOS; solución, bolsa, 1440 ml, I.V.; VEN: FALTA Origen de la Molécula: Síntesis Química. ",53.94,"7,292",440,"1,676","9,408","507,467.52",53.94,FORMULACIÓN PARA ALIMENTACIÓN PARENTERAL EN BOLSA DE TRES CÁMARAS: NUTRICIÓN PARENTERAL PERIFÉRICA COMPLETA: EMULSIÓN LIPÍDICA 20%+ GLUCOSA 11% + AMINOÁCIDO Y ELECTROLITOS; solución
102098401,"LIDOCAÍNA  CLORHIDRATO 2% con EPINEFRINA 1:100.000, solución, Infiltración Bucal.",0.25,"3,500",0,"10,600","14,100","3,539.10",0.25,LIDOCAÍNA  CLORHIDRATO 2% con EPINEFRINA 1:100.000
102098501,"MEPIVACAÍNA CLORHIDRATO 3% (30mg/ml) SIN VASOCONSTRICTOR, solución, Infiltración Bucal.",0.26,"220,400","11,600",800,"232,800","60,760.80",0.26,MEPIVACAÍNA CLORHIDRATO 3%SIN VASOCONSTRICTOR
102098901,"DEXMEDETOMIDINA CLORHIDRATO 100mcg a 400mcg, solución, I.V.",12.22,865,"1,670","5,660","8,195","100,142.90",12.22,DEXMEDETOMIDINA CLORHIDRATO 100mcg a 400mcg
102099001,"BENDAMUSTINA, 100 MG, I.V.",107.15,"2,193",320,365,"2,878","308,377.70",107.15,BENDAMUSTINA
102099101,"BENDAMUSTINA, 25 MG, I.V.",57.90,"5,061",0,"1,632","6,693","387,524.70",57.9,BENDAMUSTINA
102099201,"GOSERELINA, 10.8MG, S.C.",400.00,123,"2,008","3,247","5,378","2,151,200.00",400.0,GOSERELINA
102099301,"FACTOR VII A RECOMBINANTE HUMANO 1mg a 2mg, I.V.","1,450.00",404,0,0,404,"585,800.00",1450.0,FACTOR VII A RECOMBINANTE HUMANO 1mg a 2mg
102099401,"SODIO CLORURO al 0.9%, solución, bolsa plástica con dos salidas, con equipo adaptable desechable para Infusión Intravenosa, 100ml.",0.50,"380,320","20,100","390,588","791,008","395,504.00",0.5,SODIO CLORURO al 0.9%
102099901,"VORICONAZOL 200MG, POLVO, I.V.",14.00,"1,816",360,0,"2,176","30,464.00",14.0,VORICONAZOL 200MG
102100001,"DEXKETOPROFENO 25mg/ml, solución para perfusión, I.V., I.M.",0.32,0,"6,465",0,"6,465","2,075.27",0.32,DEXKETOPROFENO 25mg/ml
102100101,"PARACETAMOL 10mg/ml, solución para perfusión, I.V.",1.09,"37,870","1,810","16,680","56,360","61,263.32",1.09,PARACETAMOL 10mg/ml
102101601,"METOXIPOLIETILENGLICOL ERITROPOYETINA BETA 100mcg/0.3mL, solución,  S.C.",155.00,"10,698",784,0,"11,482","1,779,710.00",155.0,METOXIPOLIETILENGLICOL ERITROPOYETINA BETA 100mcg/0.3mL
102101701,"METOXIPOLIETILENGLICOL ERITROPOYETINA BETA, 50mcg/0.3mL, solución, S.C. ",77.50,378,0,0,378,"29,295.00",77.5,METOXIPOLIETILENGLICOL ERITROPOYETINA BETA
102102601,"OMALIZUMAB, 150mg, POLVO P/SOLU, S.C",540.30,878,0,"1,080","1,958","1,057,907.40",540.3,OMALIZUMAB
103000401,"ALUMINIO ACETATO ÁCIDO 0.050%- 0.060%, loción, pH: 3.5-4.8, frasco, 120ml, Vía Tópica",0.93,0,0,"9,012","9,012","8,381.16",0.93,ALUMINIO ACETATO ÁCIDO 0.050%- 0.060%
103000501,"METOCLOPRAMIDA, 5MG/5ML, JARABE, FRASCO, 90-125ML, V.O.",0.80,"35,584","53,165","61,712","150,461","120,368.80",0.8,METOCLOPRAMIDA
103000601,"DEXTROMETORFANO BROMHIDRATO 10mg/5ml, jarabe, frasco, 120ml, V.O.",0.62,"265,660","34,600","53,320","353,580","219,219.60",0.62,DEXTROMETORFANO BROMHIDRATO 10mg/5ml
103000701,"RUIBARBO 1.5% y SODIO 3.5%, mixtura, frasco, 120-240ml, V.O.",1.50,"4,000",0,"1,260","5,260","7,890.00",1.5,RUIBARBO 1.5% y SODIO 3.5%
103001801,"HALOPERIDOL 2mg/ml, gotas, solución, frasco cuentagotas o gotero calibrado, 15ml, V.O.",4.40,0,0,0,0,0.00,4.4,HALOPERIDOL 2mg/ml
103002901,"CLORANFENICOL, 0.5%, GOTAS, SOLUCIÓN, FRASCO 5-15ML, VÍA OFTÁLMICA",3.70,0,76,0,76,281.20,3.7,CLORANFENICOL
103003201,"HIDROCORTISONA 0.25-2.5%, loción, frasco, 15-30ml, Vía Tópica. (Corticoide de baja potencia).",3.90,0,0,0,0,0.00,3.9,HIDROCORTISONA 0.25-2.5%
103003401,"POLIMIXINA B, NEOMICINA, HIDROCORTISONA 1%, gotas, suspensión, frasco, 5ml, Vía Ótica.",14.20,0,0,0,0,0.00,14.2,POLIMIXINA B
103005501,"METACRESOLSULFÓNICO ÁCIDO con FORMALDEHÍDO (POLICRESULENO) 36 - 41%, líquido, frasco, 10-25ml, Vía Tópica.",8.19,0,0,0,0,0.00,8.19,METACRESOLSULFÓNICO ÁCIDO con FORMALDEHÍDO36 - 41%
103005802,"HOMATROPINA METILBROMURO 5mg/5ml, elixir, frasco, 120ml, V.O.",0.87,0,704,"12,856","13,560","11,797.20",0.87,HOMATROPINA METILBROMURO 5mg/5ml
103006801,"POTASIO GLUCONATO, 20MEQ/15ML, ELIXIR, FRASCO, 150-200ML, V.O.",8.92,"2,481",164,"1,000","3,645","32,513.40",8.92,POTASIO GLUCONATO
103007501,"MUCILOIDES HIDROFÍLICOS DERIVADOS DE PLANTAGINACEAE (equivalente a un  mínimo de 49% de PSYLLIUM), polvo o cáscara, frasco, 200-350g, V.O.",5.80,0,0,0,0,0.00,5.8,MUCILOIDES HIDROFÍLICOS DERIVADOS DE PLANTAGINACEAE
103007901,"ALUMINIO Y MAGNESIO HIDRÓXIDO, 5.9-8.3% DE HIDRÓXIDOS TOTALES, GEL O SUSPENSIÓN, FRASCO, 150-240ML, V.O.                            ",1.20,"10,342","119,904","9,876","140,122","168,146.40",1.2,ALUMINIO Y MAGNESIO HIDRÓXIDO
103009501,"PASIFLORA, 500MG/5ML, SOLUCIÓN, FRASCO, V.O.",5.50,"28,530","9,256","9,922","47,708","262,394.00",5.5,PASIFLORA
103009901,"GUAYACOLATO DE GLICERILO, 100MG/5ML, JARABE, FRASCO, 120ML, V.O.",0.53,0,"7,528","13,434","20,962","11,109.86",0.53,GUAYACOLATO DE GLICERILO
103010301,"ALUMINIO ACETATO ÁCIDO, (ACETATO DE CALCIO Y SULFATO DE ALUMÍNIO), POLVO, SOBRE,  2-3G, VÍA TÓPICA.",0.38,"504,390","90,300","47,350","642,040","243,975.20",0.38,ALUMINIO ACETATO ÁCIDO
103012801,"TRIMETROPIN 40MG CON SULFAMETOXAZOL 200MG/5ML, SUSPENSIÓN  PEDIÁTRICA, FRASCO, 100-120ML, V.O.",0.74,"42,626","7,756","10,440","60,822","44,704.17",0.74,TRIMETROPIN 40MG CON SULFAMETOXAZOL 200MG/5ML
103015001,"ANTIHISTAMÍNICO CON DESCONGESTIONANTE NASAL: ANTIHISTAMÍNICO: BROMFENIRAMINA, 2MG/5ML, O CLORFENIRAMINA, 2MG/5ML, O DEXBROMFENIRAMINA, 1.5MG/5ML, O TRIPROLIDINA, 1.25MG/5ML CON DESCONGESTIONANTE NASAL: FENILEFRINA, 5MG/5ML, O PSEUDOEFEDRINA, 30MG/5ML, JARABE, FRASCO, 60-90ML, V.O.",0.65,"124,736","95,752","63,148","283,636","184,363.40",0.65,ANTIHISTAMÍNICO CON DESCONGESTIONANTE NASAL: ANTIHISTAMÍNICO: BROMFENIRAMINA
103015801,"HIDROXICINA, 0.2%, 10MG/5ML, JARABE, FRASCO, 180-200 ML, V.O.",1.18,0,0,0,0,0.00,1.18,HIDROXICINA
103016601,"CLORFENIRAMINA  MALEATO, 2-2.5MG/5ML, JARABE, FRASCO, 120ML,  V.O.",0.50,"142,984","5,632",128,"148,744","74,223.26",0.5,CLORFENIRAMINA  MALEATO
103018801,"HIERRO (SAL FERROSA), 25MG/ML DE HIERRO ELEMENTAL, GOTAS, FRASCO CON CUENTAGOTAS O GOTERO CALIBRADO, 15-30ML, V.O.",4.89,"27,661","44,577","1,560","73,798","360,872.22",4.89,HIERRO
103019701,"PARACETAMOL (ACETAMINOFÉN), 90-100MG/ML, GOTAS, SOLUCIÓN, FRASCO CON CUENTAGOTAS O GOTERO CALIBRADO, 15-30ML, V.O.",1.25,0,110,0,110,137.50,1.25,PARACETAMOL
103019801,"PARACETAMOL (ACETAMINOFÉN), 120-160MG/5ML, JARABE O SOLUCIÓN, FRASCO, V.O.    ",0.49,"57,784","70,152","39,308","167,244","81,949.56",0.49,PARACETAMOL
103020001,"NISTATINA, 100,000UI/ML, SUSPENSIÓN, FRASCO CON CUENTAGOTAS O GOTERO CALIBRADO, 24-30ML, V.O.                                                                  ",4.40,"19,293","3,788","2,401","25,482","112,120.80",4.4,NISTATINA
103022101,"DICLOXACILINA, 250MG/5ML, POLVO PARA SUSPENSIÓN, FRASCO,  60100ML, V.O.",2.97,"19,236","17,615","5,960","42,811","127,148.67",2.97,DICLOXACILINA
103025101,"FERROSO FUMARATO, 140MG/5ML,  SUSPENSIÓN, FRASCO, 150-200ML, V.O.  ",3.67,"19,868","5,396","6,896","32,160","118,027.20",3.67,FERROSO FUMARATO
103025201,"LÁGRIMAS ARTIFICIALES QUE CONTENGAN POLÍMEROS DE ÉSTERES DE CELULOSA,  0.2%-05% Y/O ALCOHOL POLIVINÍLICO, 1%-3%, GOTAS, SOLUCIÓN, 15-20ML, VÍA OFTÁLMICA  ",0.53,"113,248",606,"11,890","125,744","66,518.58",0.53,LÁGRIMAS ARTIFICIALES QUE CONTENGAN POLÍMEROS DE ÉSTERES DE CELULOSA
103027401,"PIPACETATO, 40MG/ML, GOTAS, FRASCO,  15ML, V.O.",5.95,0,0,484,484,"2,879.80",5.95,PIPACETATO
103030501,"POLIESTIRENO SULFONATO, POLVO, POTE O FRASCO, 453.6 G,  V.O., VÍA RECTAL",30.42,73,210,212,495,"15,057.90",30.42,POLIESTIRENO SULFONATO
103032801,"CEFALEXINA, 250MG/5ML, GRÁNULO O POLVO PARA SUSPENSIÓN O JARABE, 60- 100ML, FRASCO, V.O.",2.78,0,0,0,0,0.00,2.78,CEFALEXINA
103035301,"MULTIVITAMINAS GOTAS, FRASCO CON CUENTAGOTAS O GOTERO CALIBRADO, 15-30ML V.O.",5.13,0,0,0,0,0.00,5.13,MULTIVITAMINAS GOTAS
103036001,"DIFENHIDRAMINA, 12.5MG/5ML, JARABE, FRASCO 120ML, V.O.",0.65,"150,888","11,136","8,200","170,224","110,645.60",0.65,DIFENHIDRAMINA
103037001,"METRONIDAZOL, 125MG/5ML, SUSPENSIÓN, FRASCO, 120ML, V.O.",1.92,"37,292","12,472","5,320","55,084","105,761.28",1.92,METRONIDAZOL
103039201,"PROXIMETACAÍNA (PROPARACAÍNA), 0.5% O TETRACAÍNA (AMETHOCAÍNA), 0.5%, GOTAS, SOLUCIÓN, FRASCO, 10-15ML, VÍA OFTÁLMICA.",14.29,30,664,236,930,"13,289.70",14.29,PROXIMETACAÍNA
103039801,"COLESTIRAMINA RESINA, 4G, POLVO, SOBRE, V.O. ",1.55,"431,676","141,800","147,300","720,776","1,117,202.80",1.55,COLESTIRAMINA RESINA
103041201,"CLOTRIMAZOL, 1-2%, SOLUCIÓN, FRASCO, 20-30ML VÍA TÓPICA  ",1.11,"46,904","39,536","4,964","91,404","101,458.44",1.11,CLOTRIMAZOL
103041301,"BECLOMETASONA DIPROPIONATO 50mcg/inhalación, solución en aerosol  libre de CFC, inhalador con 100-200 dosis,  Vía Bucal.",0.98,"1,340",0,"3,240","4,580","4,488.40",0.98,BECLOMETASONA DIPROPIONATO 50mcg/inhalación
103042901,"CLONAZEPAM, 2.5MG/ML, SOLUCIÓN, FRASCO, 10ML, V.O.",3.03,0,0,0,0,0.00,3.03,CLONAZEPAM
103043301,"SALBUTAMOL SULFATO, 2MG/5ML, JARABE, FRASCO, 150-180ML, V.O.",1.50,"9,886",281,102,"10,269","15,403.50",1.5,SALBUTAMOL SULFATO
103043401,"SALBUTAMOL BASE O SULFATO, 100MCG/INHALACIÓN, SUSPENSIÓN EN AEROSOL LIBRE DE  CFC, INHALADOR CON  200-250 DOSIS, VÍA BUCAL.",0.94,"78,100","68,760","2,090","148,950","140,013.00",0.94,SALBUTAMOL BASE O SULFATO
103047001,"PIRANTEL PAMOATO 250MG CON OXANTEL 250MG/5ML, SUSPENSIÓN, FRASCO, 15ML, V.O.",2.65,"111,706","11,602",0,"123,308","326,766.20",2.65,PIRANTEL PAMOATO 250MG CON OXANTEL 250MG/5ML
103047601,"TIMOLOL MALEATO O BETAXOLOL CLORHIDRATO O LEVOBUNOLOL CLORHIDRATO,  0.5%, GOTAS, SOLUCIÓN, FRASCO 5 - 15ML,  VÍA OFTÁLMICA.    ",0.29,"56,776","13,120",916,"70,812","20,535.48",0.29,TIMOLOL MALEATO O BETAXOLOL CLORHIDRATO O LEVOBUNOLOL CLORHIDRATO
103047701,"BETAMETASONA VALERATO, 0.1%,  LOCIÓN CAPILAR, FRASCO, 20-60ML, VÍA TÓPICA.",9.92,"2,180","1,178",0,"3,358","33,311.36",9.92,BETAMETASONA VALERATO
103048601,"SALES DE REHIDRATACIÓN ORAL,  CON UN CONTENIDO MÍNIMO DE: DEXTROSA (GLUCOSA) ANHIDRA 20G, SODIO CLORURO 3.5G,  SODIO CITRATO DIHIDRATADO 2.9G, POTASIO  CLORURO 1.5G, POLVO, SOBRE, V.O.",0.38,"184,772","15,592","13,680","214,044","81,336.72",0.38,SALES DE REHIDRATACIÓN ORAL
103048701,"VALPROICO ÁCIDO 250mg/5ml, jarabe o suspensión, frasco, 120ml, V.O.",1.94,"13,769","5,480","10,722","29,971","58,143.74",1.94,VALPROICO ÁCIDO 250mg/5ml
103048901,"SALBUTAMOL SULFATO, 0.5%, SOLUCIÓN, FRASCO, 20-30ML, NEBULIZACIÓN.",1.05,"25,903","4,923",0,"30,826","32,367.30",1.05,SALBUTAMOL SULFATO
103049101,"LACTULOSA LIQUIDO, 667MG/ML, FRASCO, 450-500ML, V.O.        ",3.90,0,0,0,0,0.00,3.9,LACTULOSA LIQUIDO
103049301,"NAFAZOLINA CLORHIDRATO, 0.1%, GOTAS, SOLUCIÓN, FRASCO, 7-15ML, VÍA OFTÁLMICA.",2.35,"15,270","9,586","1,185","26,041","61,196.35",2.35,NAFAZOLINA CLORHIDRATO
103049901,"PREDNISOLONA ACETATO, 1%, GOTAS, SUSPENSION,  FRASCO 5-15ML, OFTALMICA.",6.84,0,"1,000",360,"1,360","9,302.40",6.84,PREDNISOLONA ACETATO
103051001,"DESMOPRESINA ACETATO 0.1mg/ml, solución, frasco, 2.5ml, Vía Nasal.",58.56,"2,140",656,"1,060","3,856","225,807.36",58.56,DESMOPRESINA ACETATO 0.1mg/ml
103053701,"CARBAMAZEPINA 100mg/5ml, suspensión, frasco, 100ml, V.O. ",6.42,8,0,49,57,365.94,6.42,CARBAMAZEPINA 100mg/5ml
103054701,"Ipratropio bromuro, 15-20mcg/inhalación, solución en aerosol, inhalador con 200-250 dosis, vía bucal",1.97,0,0,0,0,0.00,1.97,Ipratropio bromuro
103054801,"DICLOFÉNACO 0.1%, O FLURBIPROFEN 0.03%, O SUPROFEN 1%, GOTAS, SOLUCIÓN, FRASCO, 2.5-10 ML, VÍA OFTÁLMICA.  5ml",0.78,"40,953","6,374","3,380","50,707","39,551.46",0.78,DICLOFÉNACO 0.1%
103055001,"CROMOGLICATO SÓDICO, 4% PESO/VOLUMEN, SOLUCIÓN, FRASCO ATOMIZADOR CON DISPOSITIVO, VÍA NASAL.",1.22,"4,737","25,998","10,306","41,041","50,070.02",1.22,CROMOGLICATO SÓDICO
103055201,"AMOXICILINA BASE O TRIHIDRATADA, 250MG/5ML, POLVO PARA SUSPENSIÓN O JARABE, FRASCO,  60-100ML. V.O.     ",0.05,"321,142","70,811","73,441","465,394","24,665.88",0.05,AMOXICILINA BASE O TRIHIDRATADA
103056801,"PREDNISONA O PREDNISOLONA, 1-3MG/ML, JARABE O SOLUCIÓN, 60- 120ML, V.O. ",1.48,"268,590","5,380",623,"274,593","406,397.64",1.48,PREDNISONA O PREDNISOLONA
103056901,"ALBENDAZOL, 40MG/ML, SUSPENSIÓN, FRASCO, V.O.",3.00,"1,010","1,470",948,"3,428","10,284.00",3.0,ALBENDAZOL
103057101,"IPRATROPIO BROMURO, 250MCG/ML, SOLUCIÓN, FRASCO, 20ML, NEBULIZACIÓN",1.62,"11,683","12,663",594,"24,940","40,402.80",1.62,IPRATROPIO BROMURO
103057301,"LATANOPROST, 50 MCG/ML, GOTAS, SOLUCIÓN, FRASCO, 2.5ML, VÍA OFTÁLMICA.",1.68,682,"6,490","7,490","14,662","24,632.16",1.68,LATANOPROST
103057401,"DORZOLAMIDA CLORHIDRATO, 2%, GOTAS, SOLUCIÓN, FRASCO, 5-10ML,  VÍA  OFTÁLMICA.",1.65,"3,666","5,110","3,490","12,266","20,238.90",1.65,DORZOLAMIDA CLORHIDRATO
103057501,"LOPINAVIR 80MG CON RITONAVIR 20MG/ML, SOLUCIÓN, FRASCO, V.O.",43.20,0,0,0,0,0.00,43.2,LOPINAVIR 80MG CON RITONAVIR 20MG/ML
103057801,"AMOXICILINA 400MG CON ACIDO CLAVULÁNICO 57MG (CLAVULONATO POTÁSICO), SUSPENSIÓN, FRASCO, V.O.",3.08,"6,252","1,257","3,675","11,184","34,446.72",3.08,AMOXICILINA 400MG CON ACIDO CLAVULÁNICO 57MG
103057901,"BENCILO BENZOATO, 25%, loción, frasco, 120ml, Vía Tópica",9.60,"3,273",610,45,"3,928","37,708.80",9.6,BENCILO BENZOATO
103058001,"CALAMINA, 8%, LOCIÓN, FRASCO, 120ML, VÍA TÓPICA.",3.58,"17,348","1,168",0,"18,516","66,287.28",3.58,CALAMINA
103058101,"COMPLEJO B, elixir o jarabe, V.O.",3.70,0,0,0,0,0.00,3.7,COMPLEJO B
103058201,"AZELASTINA HIDROCLORURO, 0.05%,  GOTAS, SOLUCIÓN, FRASCO, VÍA  OFTÁLMICA.",3.74,"22,579","7,353","21,608","51,540","192,759.60",3.74,AZELASTINA HIDROCLORURO
103058301,"AZITROMICINA, 200MG/5ML,  POLVO PARA SUSPENSIÓN, 15-30ML, FRASCO, V.O.",2.94,"102,274","26,545",677,"129,496","380,718.24",2.94,AZITROMICINA
103059301,"BRIMONIDINA TARTRATO, 0.2%,  GOTAS,  SOLUCIÓN, FRASCO, VÍA  OFTÁLMICA",2.94,"8,480","5,650","2,970","17,100","50,274.00",2.94,BRIMONIDINA TARTRATO
103059401,"CICLOSPORINA 100mg/ml, solución con microemulsión, frasco, V.O.",184.00,40,0,0,40,"7,360.00",184.0,CICLOSPORINA 100mg/ml
103060201,"MOMETASONA FUROATO 200mcg/ inhalación, polvo seco, inhalador, Vía Bucal.",22.50,0,0,0,0,0.00,22.5,MOMETASONA FUROATO 200mcg/ inhalación
103060401,"LAMIVUDINA 10mg/ml, solución, frasco, 240-300ml, V.O.",12.20,0,0,0,0,0.00,12.2,LAMIVUDINA 10mg/ml
103060501,"ZIDOVUDINA 10mg/ml, solución, frasco, 240- 300ml, V.O.   (x240)",20.02,0,0,0,0,0.00,20.02,ZIDOVUDINA 10mg/ml
103060601,"FENTANILO, 25MCG, PARCHE TRANSDÉRMICO, VÍA TÓPICA.     (NARCOTICO)",3.88,0,0,0,0,0.00,3.88,FENTANILO
103060801,"TIOTROPIO BROMURO, 18MCG/INHALACIÓN, POLVO SECO, INHALADOR CON DISPOSITIVO, VÍA BUCAL",2.32,"89,400",0,0,"89,400","207,408.00",2.32,TIOTROPIO BROMURO
103061001,"SODIO CLORURO, 0.85%-0.9%, GOTAS NASALES EN SOLUCIÓN, FRASCO 50ML, VÍA NASAL.   ",3.34,0,0,0,0,0.00,3.34,SODIO CLORURO
103061101,"CALCIPOTRIOL (HIDRATO), 50MCG/G CON BETAMETASONA (DIPROPIONATO), 05MG/G, GEL FRASCO, 30G, VIA TÓPICA.",25.00,0,"16,632",611,"17,243","431,075.00",25.0,CALCIPOTRIOL
103061201,"RIVASTIGMINA, 9MG PARCHE TRANSDÉRMICO, VÍA TÓPICA",1.05,"411,630","85,290",360,"497,280","522,144.00",1.05,RIVASTIGMINA
103061301,"RIVASTIGMINA, 18 MG PARCHE TRANSDÉRMICO, VÍA TÓPICA",1.28,"900,990","385,230","131,580","1,417,800","1,814,784.00",1.28,RIVASTIGMINA
103061401,"TOBRAMICINA 300mg/5ml, solución para Inhalación y Nebulizar, ampolla.",25.87,648,672,0,"1,320","34,148.40",25.87,TOBRAMICINA 300mg/5ml
103061701,"MOMETASONA, 50MCG/INHALACIÓN, SUSPENSIÓN ACUOSA EN AEROSOL, INHALADOR, VIA NASAL.",4.13,0,0,0,0,0.00,4.13,MOMETASONA
103061801,"TOBRAMICINA, 3MG/ML (0.3%), SOLUCION,GOTAS,VIA OFTALMICA",7.13,"2,815","4,077",209,"7,101","50,630.13",7.13,TOBRAMICINA
103061901,"TOBRAMICINA,0.3% C/DEXAMETASONA 0.1% SUSPENSIÓN, GOTAS, VIA OFTALMICA ",1.80,540,100,0,640,"1,151.36",1.8,TOBRAMICINA
103062001,"DEXTROSA 37.5g cada 100ml, solución oral, 200ml. ",5.92,0,0,0,0,0.00,5.92,DEXTROSA 37.5g cada 100ml
103062101,"POLIETILENGLICOL 3350, CON ELECTROLITOS (SULFATO DE SODIO ANHIDRO, BICARBONATO DE SODIO, CLORURO DE SODIO, CLORURO DE POTASIO), POLVO PARA SOLUCION, V.O.",5.90,0,0,0,0,0.00,5.9,POLIETILENGLICOL 3350
104006501,"CORTICOIDE DE BAJA POTENCIA NO FLUORINADO: DESONIDE, 0.05% o HIDROCORTISONA  0.25 -2.5%,  crema, tubo, 15-30g, Vía Tópica. ",0.60,"44,029","11,578","10,186","65,793","39,146.84",0.6,CORTICOIDE DE BAJA POTENCIA NO FLUORINADO: DESONIDE
104009001,"ALUMINIO ACETATO ÁCIDO, 0.050% A 0.060%, CREMA, PH: 4.0 - 4.8, TUBO, 30G VÍA TÓPICA.",1.73,"312,300","66,452","24,540","403,292","697,695.16",1.73,ALUMINIO ACETATO ÁCIDO
104009801,"FUSIDATO SÓDICO 2%, ungüento, tubo, 15-20g, Vía Tópica.",2.00,"381,720","27,220","115,864","524,804","1,049,608.00",2.0,FUSIDATO SÓDICO 2%
104011901,"BETAMETASONA VALERATO 0.1%, crema, tubo, 15g, Vía Tópica.",3.00,0,0,0,0,0.00,3.0,BETAMETASONA VALERATO 0.1%
104013601,"KETOCONAZOL, 1-2%, CREMA, TUBO, 15- 20G, VÍA TÓPICA.                 ",0.45,"282,178","97,803","47,056","427,037","192,166.65",0.45,KETOCONAZOL
104014101,"GENTAMICINA SULFATO, 0.3%, UNGÜENTO, TUBO, 3-5G, VÍA OFTÁLMICA",1.58,"52,410","3,450",285,"56,145","88,709.10",1.58,GENTAMICINA SULFATO
104014701,"SULFADIAZINA DE PLATA 1%, crema, pote, 100-400g, Vía Tópica.",35.00,0,0,0,0,0.00,35.0,SULFADIAZINA DE PLATA 1%
104014801,"CORTICOIDE POTENCIA ALTA: AMCINONIDE 0.1% o BETAMETASONA DIPROPIONATO 0.05%  o FLUOCINOLONA ACETÓNIDA 0.2%  o HALCINONIDA 1%  o MOMETASONA FUROATO 0.1%,  crema, tubo, 15g, Vía Tópica.",0.95,0,"30,028","8,932","38,960","37,012.00",0.95,CORTICOIDE POTENCIA ALTA: AMCINONIDE 0.1% o BETAMETASONA DIPROPIONATO 0.05%  o FLUOCINOLONA ACETÓNIDA 0.2%  o HALCINONIDA 1%  o MOMETASONA FUROATO 0.1%
104014901,"CLORANFENICOL 1%, ungüento, tubo 3-5g, Vía Oftálmica.",4.11,"1,517",930,480,"2,927","12,029.97",4.11,CLORANFENICOL 1%
104015301,"BENZOILO PERÓXIDO 5%, gel, tubo, 40-60g, Vía Tópica.",6.63,0,0,0,0,0.00,6.63,BENZOILO PERÓXIDO 5%
104016801,"ACICLOVIR 3%, ungüento, tubo, 3-7g, Vía Oftálmica.",14.35,347,820,135,"1,302","18,683.70",14.35,ACICLOVIR 3%
104017001,"CLOBETASOL PROPIONATO 0.05%, crema, tubo, 25g, Vía Tópica. (Corticoide súper potente).",1.54,"32,564","14,080","12,646","59,290","91,306.60",1.54,CLOBETASOL PROPIONATO 0.05%
104017301,"MENTOL COMPUESTO 10-20%, ungüento, tubo, Vía  Tópica.",1.25,0,"125,952","172,464","298,416","373,020.00",1.25,MENTOL COMPUESTO 10-20%
104018501,"SULFADIAZINA DE PLATA 1%, CREMA, TUBO O POTE, 30-60G VÍA TÓPICA.",2.82,"11,010",440,0,"11,450","32,231.75",2.82,SULFADIAZINA DE PLATA 1%
105001401,"ESTRÓGENO CONJUGADOS NATURALES DE ORIGEN EQUINO, 0.625MG/G, CREMA TUBO CON APLICADOR, 40-45 G  V. VAGINAL,                X42.5",4.69,"23,540","2,198","2,970","28,708","134,640.52",4.69,ESTRÓGENO CONJUGADOS NATURALES DE ORIGEN EQUINO
105001801,"METRONIDAZOL 500mg, óvulo, Vía Vaginal.",0.28,"480,270","113,620","164,110","758,000","212,240.00",0.28,METRONIDAZOL 500mg
105002501,"ANTIHEMORROIDAL CON CORTICOIDE Y ANESTÉSICO LOCAL: HIDROCORTISONA o BETAMETASONA o PREDNISOLONA con LIDOCAÍNA o BENZOCAÍNA; O DOBESILATO CALCIO MONOHIDRATO 4G /LIDOCAINA 2G / DEXAMETASONA ACETATO 0.025G, crema, jalea, pomada o ungüento rectal, con tubo aplicador, Vía Rectal.",7.20,0,0,0,0,0.00,7.2,ANTIHEMORROIDAL CON CORTICOIDE Y ANESTÉSICO LOCAL: HIDROCORTISONA o BETAMETASONA o PREDNISOLONA con LIDOCAÍNA o BENZOCAÍNA; O DOBESILATO CALCIO MONOHIDRATO 4G /LIDOCAINA 2G / DEXAMETASONA ACETATO 0.025G
105004901,"PARACETAMOL (ACETAMINOFEN), 250-300MG. SUPOSITORIOS PEDIÁTRICOS, VIA RECTAL.",0.15,0,0,0,0,0.00,0.15,PARACETAMOL
105006201,"METACRESOLSULFÓNICO ÁCIDO con FORMALDEHÍDO (POLICRESULENO) 18mg/g, gel,  tubo con aplicador, 50g, Vía Vaginal.",14.50,0,0,0,0,0.00,14.5,METACRESOLSULFÓNICO ÁCIDO con FORMALDEHÍDO18mg/g
105007201,"DICLOFENACO SÓDICO 50mg,  supositorio,  Vía Rectal.",0.49,"820,824","1,347,700","8,000","2,176,524","1,066,496.76",0.49,DICLOFENACO SÓDICO 50mg
105007701,"IMIDAZOLES: CLOTRIMAZOL, ISOCONAZOL, MICONAZOL, 1-2%, CREMA O JALEA, TUBO CON APLICADOR, 35-40G, VÍA VAGINAL                 X40G",0.66,"327,836","61,004","65,566","454,406","299,907.96",0.66,IMIDAZOLES: CLOTRIMAZOL
105007801,"DINOPROSTONE, 2MG/3G, GEL, TUBO CON APLICADOR PRECARGADO O JERINGA, VÍA VAGINAL. ",37.80,"9,704","2,584","1,676","13,964","527,839.20",37.8,DINOPROSTONE
105008101,"LEVONORGESTREL 52mg (20mcg/24horas), sistema Intrauterino.",155.00,840,511,308,"1,659","257,145.00",155.0,LEVONORGESTREL 52mg
105008201,"LIDOCAINA 700MG, PARCHE, VIA TOPICA; ",5.75,"7,725",0,0,"7,725","44,418.75",5.75,LIDOCAINA 700MG
1020808P1,"RITUXIMAB 100mg, solución, I.V.",69.00,0,0,0,0,0.00,69.0,RITUXIMAB 100mg
1020817P1,"RITUXIMAB 500mg, solución, I.V.",221.00,0,0,0,0,0.00,221.0,RITUXIMAB 500mg
1020923P1,"INFLIXIMAB 100mg, polvo liofilizado, I.V.",144.30,0,0,0,0,0.00,144.3,INFLIXIMAB 100mg
